Respondent ID,Publication ID,Submitted,First Active,Publication Consent,Language,Index,wkt,Where do you like to take your boat?,Please indicate the relative value of this area to you.
,,,,,,,,boat_area,boat_value
2bge6eee3ue4,322abf9mzz3w,2020-09-09 22:22:54,2020-09-09 22:17:42,FALSE,en,0,"POLYGON ((-64.796479 32.445206, -64.800798 32.443857, -64.816502 32.436692, -64.834087 32.426672, -64.849925 32.414439, -64.856274 32.405212, -64.857505 32.395299, -64.854361 32.388865, -64.836611 32.377349, -64.803201 32.369056, -64.770545 32.367841, -64.738761 32.374502, -64.726036 32.382287, -64.716786 32.398316, -64.716786 32.413941, -64.727825 32.429964, -64.742089 32.438995, -64.77257 32.445618, -64.792705 32.445618, -64.800293 32.44498, -64.800293 32.44498, -64.800293 32.44498, -64.796479 32.445206))","[[""32.445206,-64.796479"",""32.443857,-64.800798"",""32.436692,-64.816502"",""32.426672,-64.834087"",""32.414439,-64.849925"",""32.405212,-64.856274"",""32.395299,-64.857505"",""32.388865,-64.854361"",""32.377349,-64.836611"",""32.369056,-64.803201"",""32.367841,-64.770545"",""32.374502,-64.738761"",""32.382287,-64.726036"",""32.398316,-64.716786"",""32.413941,-64.716786"",""32.429964,-64.727825"",""32.438995,-64.742089"",""32.445618,-64.77257"",""32.445618,-64.792705"",""32.44498,-64.800293"",""32.44498,-64.800293"",""32.44498,-64.800293"",""32.445206,-64.796479""]]",
2bge6eee3ue4,322abf9mzz3w,2020-09-09 22:22:54,2020-09-09 22:17:42,FALSE,en,1,"POLYGON ((-64.683129 32.453325, -64.686219 32.449602, -64.694872 32.433426, -64.699957 32.414713, -64.697836 32.397193, -64.688056 32.3904, -64.656669 32.388414, -64.614529 32.390446, -64.579776 32.397376, -64.556483 32.404822, -64.547656 32.416264, -64.555413 32.433485, -64.576364 32.44811, -64.581803 32.45117, -64.656165 32.475408, -64.666757 32.473179, -64.680603 32.469044, -64.68152 32.468877, -64.68152 32.468877, -64.687265 32.46937, -64.683129 32.453325))","[[""32.453325,-64.683129"",""32.449602,-64.686219"",""32.433426,-64.694872"",""32.414713,-64.699957"",""32.397193,-64.697836"",""32.3904,-64.688056"",""32.388414,-64.656669"",""32.390446,-64.614529"",""32.397376,-64.579776"",""32.404822,-64.556483"",""32.416264,-64.547656"",""32.433485,-64.555413"",""32.44811,-64.576364"",""32.45117,-64.581803"",""32.475408,-64.656165"",""32.473179,-64.666757"",""32.469044,-64.680603"",""32.468877,-64.68152"",""32.468877,-64.68152"",""32.46937,-64.687265"",""32.453325,-64.683129""]]",
2bge6eee3ue4,322abf9mzz3w,2020-09-09 22:22:54,2020-09-09 22:17:42,FALSE,en,2,"POLYGON ((-64.701065 32.536226, -64.701065 32.536226, -64.71917 32.537083, -64.750369 32.535959, -64.775915 32.529198, -64.782502 32.52612, -64.796863 32.518781, -64.801479 32.512403, -64.803724 32.501132, -64.804491 32.492553, -64.804491 32.486537, -64.800082 32.479605, -64.785402 32.463788, -64.772227 32.455357, -64.766731 32.45351, -64.751783 32.45351, -64.726938 32.455058, -64.698369 32.461441, -64.684854 32.469103, -64.677505 32.47693, -64.673243 32.489983, -64.672395 32.503873, -64.673996 32.516146, -64.685358 32.527762, -64.690154 32.530003, -64.695274 32.532504, -64.702857 32.534268, -64.705778 32.534845, -64.705778 32.534845, -64.705778 32.534845, -64.70736 32.535378, -64.70736 32.535378, -64.701065 32.536226))","[[""32.536226,-64.701065"",""32.536226,-64.701065"",""32.537083,-64.71917"",""32.535959,-64.750369"",""32.529198,-64.775915"",""32.52612,-64.782502"",""32.518781,-64.796863"",""32.512403,-64.801479"",""32.501132,-64.803724"",""32.492553,-64.804491"",""32.486537,-64.804491"",""32.479605,-64.800082"",""32.463788,-64.785402"",""32.455357,-64.772227"",""32.45351,-64.766731"",""32.45351,-64.751783"",""32.455058,-64.726938"",""32.461441,-64.698369"",""32.469103,-64.684854"",""32.47693,-64.677505"",""32.489983,-64.673243"",""32.503873,-64.672395"",""32.516146,-64.673996"",""32.527762,-64.685358"",""32.530003,-64.690154"",""32.532504,-64.695274"",""32.534268,-64.702857"",""32.534845,-64.705778"",""32.534845,-64.705778"",""32.534845,-64.705778"",""32.535378,-64.70736"",""32.535378,-64.70736"",""32.536226,-64.701065""]]",
2bge6eee3ue4,322abf9mzz3w,2020-09-09 22:22:54,2020-09-09 22:17:42,FALSE,en,3,"POLYGON ((-64.902545 32.510641, -64.902545 32.510641, -64.915972 32.501055, -64.926156 32.492117, -64.931083 32.48454, -64.932129 32.479537, -64.932513 32.472278, -64.931861 32.466331, -64.928895 32.46066, -64.922908 32.455636, -64.911924 32.448678, -64.904696 32.445154, -64.896019 32.443173, -64.892073 32.442938, -64.878238 32.44471, -64.854439 32.448895, -64.835092 32.455543, -64.826764 32.463871, -64.823583 32.474229, -64.822084 32.484632, -64.825879 32.492438, -64.837815 32.503154, -64.85548 32.513113, -64.863054 32.516307, -64.869081 32.5182, -64.879263 32.520075, -64.888919 32.521346, -64.895979 32.521898, -64.897338 32.522067, -64.897338 32.522067, -64.897338 32.522067, -64.902545 32.510641))","[[""32.510641,-64.902545"",""32.510641,-64.902545"",""32.501055,-64.915972"",""32.492117,-64.926156"",""32.48454,-64.931083"",""32.479537,-64.932129"",""32.472278,-64.932513"",""32.466331,-64.931861"",""32.46066,-64.928895"",""32.455636,-64.922908"",""32.448678,-64.911924"",""32.445154,-64.904696"",""32.443173,-64.896019"",""32.442938,-64.892073"",""32.44471,-64.878238"",""32.448895,-64.854439"",""32.455543,-64.835092"",""32.463871,-64.826764"",""32.474229,-64.823583"",""32.484632,-64.822084"",""32.492438,-64.825879"",""32.503154,-64.837815"",""32.513113,-64.85548"",""32.516307,-64.863054"",""32.5182,-64.869081"",""32.520075,-64.879263"",""32.521346,-64.888919"",""32.521898,-64.895979"",""32.522067,-64.897338"",""32.522067,-64.897338"",""32.522067,-64.897338"",""32.510641,-64.902545""]]",
4jx2iy7lyx7f,8bw7y2r9v3tu,2020-09-09 22:16:24,2020-09-09 22:16:07,TRUE,en,0,"POLYGON ((-64.757287 32.462466, -64.757287 32.462466, -64.779131 32.453243, -64.802179 32.443719, -64.81875 32.43346, -64.823567 32.427166, -64.824286 32.42084, -64.820289 32.410382, -64.811215 32.403242, -64.789516 32.400021, -64.752091 32.400828, -64.7273 32.405169, -64.706124 32.409978, -64.701223 32.415137, -64.700564 32.421483, -64.701414 32.434499, -64.705045 32.443042, -64.717727 32.45229, -64.730003 32.455303, -64.744898 32.456353, -64.756592 32.457064, -64.768351 32.458014, -64.769427 32.458014, -64.769427 32.458014, -64.77006 32.458281, -64.77006 32.458281, -64.77006 32.458281, -64.757287 32.462466))","[[""32.462466,-64.757287"",""32.462466,-64.757287"",""32.453243,-64.779131"",""32.443719,-64.802179"",""32.43346,-64.81875"",""32.427166,-64.823567"",""32.42084,-64.824286"",""32.410382,-64.820289"",""32.403242,-64.811215"",""32.400021,-64.789516"",""32.400828,-64.752091"",""32.405169,-64.7273"",""32.409978,-64.706124"",""32.415137,-64.701223"",""32.421483,-64.700564"",""32.434499,-64.701414"",""32.443042,-64.705045"",""32.45229,-64.717727"",""32.455303,-64.730003"",""32.456353,-64.744898"",""32.457064,-64.756592"",""32.458014,-64.768351"",""32.458014,-64.769427"",""32.458014,-64.769427"",""32.458281,-64.77006"",""32.458281,-64.77006"",""32.458281,-64.77006"",""32.462466,-64.757287""]]",
7s2j97owk669,8bw7y2r9v3tu,2020-09-09 22:14:57,2020-09-09 22:14:40,TRUE,en,0,"POLYGON ((-64.736464 32.475867, -64.736464 32.475867, -64.761948 32.467594, -64.781702 32.459467, -64.804909 32.445262, -64.808776 32.438831, -64.809822 32.432875, -64.809822 32.4278, -64.80548 32.42082, -64.791774 32.410789, -64.765282 32.406586, -64.739967 32.406586, -64.703226 32.412802, -64.686465 32.419654, -64.68154 32.428746, -64.677557 32.447069, -64.675865 32.457822, -64.676686 32.467736, -64.690046 32.479408, -64.704629 32.485374, -64.721567 32.487255, -64.744902 32.486906, -64.750851 32.486037, -64.750851 32.486037, -64.736464 32.475867))","[[""32.475867,-64.736464"",""32.475867,-64.736464"",""32.467594,-64.761948"",""32.459467,-64.781702"",""32.445262,-64.804909"",""32.438831,-64.808776"",""32.432875,-64.809822"",""32.4278,-64.809822"",""32.42082,-64.80548"",""32.410789,-64.791774"",""32.406586,-64.765282"",""32.406586,-64.739967"",""32.412802,-64.703226"",""32.419654,-64.686465"",""32.428746,-64.68154"",""32.447069,-64.677557"",""32.457822,-64.675865"",""32.467736,-64.676686"",""32.479408,-64.690046"",""32.485374,-64.704629"",""32.487255,-64.721567"",""32.486906,-64.744902"",""32.486037,-64.750851"",""32.486037,-64.750851"",""32.475867,-64.736464""]]",
62k9mng39ghr,322abf9mzz3w,2020-09-09 22:20:29,2020-09-09 22:19:41,TRUE,en,0,"POLYGON ((-64.728429 32.40855, -64.733922 32.40739, -64.738729 32.406811, -64.744908 32.403912, -64.748342 32.402173, -64.757268 32.398694, -64.765508 32.393476, -64.773748 32.388838, -64.781301 32.383039, -64.78748 32.376661, -64.79366 32.370281, -64.79778 32.364482, -64.800527 32.358682, -64.801213 32.352881, -64.801213 32.349401, -64.800527 32.347081, -64.79778 32.34476, -64.792974 32.34244, -64.786794 32.340699, -64.779927 32.339539, -64.772374 32.338959, -64.764135 32.338959, -64.755895 32.338959, -64.748342 32.340699, -64.742162 32.34186, -64.736669 32.34418, -64.731862 32.347081, -64.727056 32.351141, -64.723622 32.355202, -64.720876 32.358682, -64.718816 32.362742, -64.716756 32.366222, -64.715383 32.370281, -64.714009 32.372601, -64.713323 32.374921, -64.713323 32.37724, -64.713323 32.38014, -64.713323 32.382459, -64.713323 32.385939, -64.713323 32.388838, -64.713323 32.392317, -64.713323 32.395795, -64.713323 32.398694, -64.713323 32.401013, -64.713323 32.402752, -64.714009 32.403912, -64.714009 32.405651, -64.728429 32.40855))","[[""32.40855,-64.728429"",""32.40739,-64.733922"",""32.406811,-64.738729"",""32.403912,-64.744908"",""32.402173,-64.748342"",""32.398694,-64.757268"",""32.393476,-64.765508"",""32.388838,-64.773748"",""32.383039,-64.781301"",""32.376661,-64.78748"",""32.370281,-64.79366"",""32.364482,-64.79778"",""32.358682,-64.800527"",""32.352881,-64.801213"",""32.349401,-64.801213"",""32.347081,-64.800527"",""32.34476,-64.79778"",""32.34244,-64.792974"",""32.340699,-64.786794"",""32.339539,-64.779927"",""32.338959,-64.772374"",""32.338959,-64.764135"",""32.338959,-64.755895"",""32.340699,-64.748342"",""32.34186,-64.742162"",""32.34418,-64.736669"",""32.347081,-64.731862"",""32.351141,-64.727056"",""32.355202,-64.723622"",""32.358682,-64.720876"",""32.362742,-64.718816"",""32.366222,-64.716756"",""32.370281,-64.715383"",""32.372601,-64.714009"",""32.374921,-64.713323"",""32.37724,-64.713323"",""32.38014,-64.713323"",""32.382459,-64.713323"",""32.385939,-64.713323"",""32.388838,-64.713323"",""32.392317,-64.713323"",""32.395795,-64.713323"",""32.398694,-64.713323"",""32.401013,-64.713323"",""32.402752,-64.713323"",""32.403912,-64.714009"",""32.405651,-64.714009"",""32.40855,-64.728429""]]",
8jgd98j2xfn3,8br9m2rfp6ip,2020-09-11 17:53:10,2020-09-11 17:51:58,FALSE,en,0,"POLYGON ((-64.673154 32.422461, -64.673154 32.422461, -64.691007 32.417245, -64.70474 32.411448, -64.728772 32.398694, -64.741132 32.388258, -64.745252 32.383039, -64.750058 32.3784, -64.754178 32.372601, -64.760358 32.364482, -64.762418 32.360422, -64.763791 32.356942, -64.764478 32.353461, -64.765165 32.349981, -64.765851 32.34592, -64.765851 32.34186, -64.765851 32.337799, -64.763791 32.329096, -64.760358 32.324454, -64.756925 32.320973, -64.752118 32.316911, -64.740445 32.311108, -64.734265 32.309367, -64.726712 32.307626, -64.719159 32.307045, -64.71092 32.307045, -64.70268 32.307045, -64.682767 32.308786, -64.671781 32.312268, -64.660108 32.31575, -64.647748 32.319812, -64.636762 32.323874, -64.626462 32.328516, -64.615476 32.333157, -64.605176 32.338959, -64.58595 32.352301, -64.57771 32.359262, -64.57153 32.366802, -64.566724 32.373761, -64.563291 32.37956, -64.560544 32.385939, -64.557111 32.397535, -64.556424 32.40797, -64.556424 32.412607, -64.557111 32.417824, -64.559858 32.422461, -64.566724 32.430575, -64.570844 32.434053, -64.57565 32.43695, -64.58183 32.439268, -64.58801 32.441007, -64.594876 32.442166, -64.612729 32.442745, -64.635389 32.442166, -64.648435 32.438689, -64.659421 32.435212, -64.671094 32.430575, -64.697873 32.418404, -64.712979 32.409709, -64.728772 32.399854, -64.741819 32.389997, -64.673154 32.422461))","[[""32.422461,-64.673154"",""32.422461,-64.673154"",""32.417245,-64.691007"",""32.411448,-64.70474"",""32.398694,-64.728772"",""32.388258,-64.741132"",""32.383039,-64.745252"",""32.3784,-64.750058"",""32.372601,-64.754178"",""32.364482,-64.760358"",""32.360422,-64.762418"",""32.356942,-64.763791"",""32.353461,-64.764478"",""32.349981,-64.765165"",""32.34592,-64.765851"",""32.34186,-64.765851"",""32.337799,-64.765851"",""32.329096,-64.763791"",""32.324454,-64.760358"",""32.320973,-64.756925"",""32.316911,-64.752118"",""32.311108,-64.740445"",""32.309367,-64.734265"",""32.307626,-64.726712"",""32.307045,-64.719159"",""32.307045,-64.71092"",""32.307045,-64.70268"",""32.308786,-64.682767"",""32.312268,-64.671781"",""32.31575,-64.660108"",""32.319812,-64.647748"",""32.323874,-64.636762"",""32.328516,-64.626462"",""32.333157,-64.615476"",""32.338959,-64.605176"",""32.352301,-64.58595"",""32.359262,-64.57771"",""32.366802,-64.57153"",""32.373761,-64.566724"",""32.37956,-64.563291"",""32.385939,-64.560544"",""32.397535,-64.557111"",""32.40797,-64.556424"",""32.412607,-64.556424"",""32.417824,-64.557111"",""32.422461,-64.559858"",""32.430575,-64.566724"",""32.434053,-64.570844"",""32.43695,-64.57565"",""32.439268,-64.58183"",""32.441007,-64.58801"",""32.442166,-64.594876"",""32.442745,-64.612729"",""32.442166,-64.635389"",""32.438689,-64.648435"",""32.435212,-64.659421"",""32.430575,-64.671094"",""32.418404,-64.697873"",""32.409709,-64.712979"",""32.399854,-64.728772"",""32.389997,-64.741819"",""32.422461,-64.673154""]]",
4bgz3ov63adj,8br9m2rfp6ip,2020-09-11 19:01:41,2020-09-11 18:48:15,TRUE,en,0,"POLYGON ((-64.988584 32.45339, -64.988584 32.45339, -65.053325 32.398803, -65.093124 32.356518, -65.10893 32.337728, -65.116113 32.323291, -65.117357 32.306961, -65.114691 32.290601, -65.107366 32.281946, -65.095559 32.278667, -65.047695 32.285109, -65.047695 32.285109, -65.012837 32.292216, -65.000502 32.297995, -64.992889 32.30296, -64.987144 32.305687, -64.985489 32.306696, -64.985331 32.307288, -64.985331 32.307431, -64.984513 32.307431, -64.931362 32.31539, -64.855381 32.318812, -64.827475 32.32559, -64.827475 32.32559, -64.792432 32.359735, -64.680235 32.437935, -64.648872 32.459628, -64.641485 32.465847, -64.640841 32.466211, -64.640841 32.466211, -64.645047 32.489531, -64.656055 32.521269, -64.665217 32.530335, -64.668122 32.530702, -64.668122 32.530702, -64.702741 32.521739, -64.76086 32.51597, -64.796713 32.513012, -64.804352 32.510888, -64.804352 32.510888, -64.805052 32.510738, -64.805052 32.510738, -64.805725 32.510302, -64.887658 32.493748, -64.936225 32.48604, -64.948263 32.483669, -64.948263 32.483669, -64.948263 32.483669, -64.948802 32.48311, -64.948802 32.48311, -64.952691 32.481849, -64.973162 32.470027, -64.988491 32.459906, -64.994402 32.455323, -64.996301 32.453737, -64.996301 32.453737, -64.996301 32.453737, -64.992613 32.452591, -64.987887 32.452003, -64.984644 32.452003, -64.98337 32.452003, -64.98337 32.452003, -64.98385 32.453069, -64.988606 32.454791, -64.992734 32.455554, -64.992734 32.455554, -64.992734 32.455554, -64.993262 32.454993, -64.993262 32.454993, -64.992565 32.453997, -64.988584 32.45339))","[[""32.45339,-64.988584"",""32.45339,-64.988584"",""32.398803,-65.053325"",""32.356518,-65.093124"",""32.337728,-65.10893"",""32.323291,-65.116113"",""32.306961,-65.117357"",""32.290601,-65.114691"",""32.281946,-65.107366"",""32.278667,-65.095559"",""32.285109,-65.047695"",""32.285109,-65.047695"",""32.292216,-65.012837"",""32.297995,-65.000502"",""32.30296,-64.992889"",""32.305687,-64.987144"",""32.306696,-64.985489"",""32.307288,-64.985331"",""32.307431,-64.985331"",""32.307431,-64.984513"",""32.31539,-64.931362"",""32.318812,-64.855381"",""32.32559,-64.827475"",""32.32559,-64.827475"",""32.359735,-64.792432"",""32.437935,-64.680235"",""32.459628,-64.648872"",""32.465847,-64.641485"",""32.466211,-64.640841"",""32.466211,-64.640841"",""32.489531,-64.645047"",""32.521269,-64.656055"",""32.530335,-64.665217"",""32.530702,-64.668122"",""32.530702,-64.668122"",""32.521739,-64.702741"",""32.51597,-64.76086"",""32.513012,-64.796713"",""32.510888,-64.804352"",""32.510888,-64.804352"",""32.510738,-64.805052"",""32.510738,-64.805052"",""32.510302,-64.805725"",""32.493748,-64.887658"",""32.48604,-64.936225"",""32.483669,-64.948263"",""32.483669,-64.948263"",""32.483669,-64.948263"",""32.48311,-64.948802"",""32.48311,-64.948802"",""32.481849,-64.952691"",""32.470027,-64.973162"",""32.459906,-64.988491"",""32.455323,-64.994402"",""32.453737,-64.996301"",""32.453737,-64.996301"",""32.453737,-64.996301"",""32.452591,-64.992613"",""32.452003,-64.987887"",""32.452003,-64.984644"",""32.452003,-64.98337"",""32.452003,-64.98337"",""32.453069,-64.98385"",""32.454791,-64.988606"",""32.455554,-64.992734"",""32.455554,-64.992734"",""32.455554,-64.992734"",""32.454993,-64.993262"",""32.454993,-64.993262"",""32.453997,-64.992565"",""32.45339,-64.988584""]]",
4bgz3ov63adj,8br9m2rfp6ip,2020-09-11 19:01:41,2020-09-11 18:48:15,TRUE,en,1,"POLYGON ((-64.470728 32.453811, -64.470728 32.453811, -64.495321 32.470701, -64.527282 32.485046, -64.551226 32.489732, -64.558565 32.489732, -64.559286 32.489567, -64.563191 32.488922, -64.572791 32.487205, -64.633034 32.461321, -64.663809 32.439203, -64.674527 32.424624, -64.677057 32.406152, -64.675917 32.391576, -64.674163 32.386568, -64.670029 32.386206, -64.671754 32.384956, -64.672816 32.384659, -64.683945 32.361756, -64.697613 32.284341, -64.675147 32.239813, -64.648454 32.219241, -64.639321 32.217437, -64.637457 32.219422, -64.57138 32.25461, -64.535986 32.263876, -64.528677 32.27088, -64.528443 32.271673, -64.526842 32.272896, -64.511658 32.293204, -64.487827 32.338252, -64.479177 32.360413, -64.478147 32.363657, -64.478147 32.364344, -64.475827 32.38985, -64.467933 32.418236, -64.465261 32.43029, -64.465047 32.431864, -64.465047 32.432545, -64.468115 32.440061, -64.469311 32.44538, -64.469311 32.448981, -64.468882 32.454081, -64.468687 32.45626, -64.468687 32.45626, -64.468687 32.45626, -64.469102 32.454939, -64.470728 32.453811))","[[""32.453811,-64.470728"",""32.453811,-64.470728"",""32.470701,-64.495321"",""32.485046,-64.527282"",""32.489732,-64.551226"",""32.489732,-64.558565"",""32.489567,-64.559286"",""32.488922,-64.563191"",""32.487205,-64.572791"",""32.461321,-64.633034"",""32.439203,-64.663809"",""32.424624,-64.674527"",""32.406152,-64.677057"",""32.391576,-64.675917"",""32.386568,-64.674163"",""32.386206,-64.670029"",""32.384956,-64.671754"",""32.384659,-64.672816"",""32.361756,-64.683945"",""32.284341,-64.697613"",""32.239813,-64.675147"",""32.219241,-64.648454"",""32.217437,-64.639321"",""32.219422,-64.637457"",""32.25461,-64.57138"",""32.263876,-64.535986"",""32.27088,-64.528677"",""32.271673,-64.528443"",""32.272896,-64.526842"",""32.293204,-64.511658"",""32.338252,-64.487827"",""32.360413,-64.479177"",""32.363657,-64.478147"",""32.364344,-64.478147"",""32.38985,-64.475827"",""32.418236,-64.467933"",""32.43029,-64.465261"",""32.431864,-64.465047"",""32.432545,-64.465047"",""32.440061,-64.468115"",""32.44538,-64.469311"",""32.448981,-64.469311"",""32.454081,-64.468882"",""32.45626,-64.468687"",""32.45626,-64.468687"",""32.45626,-64.468687"",""32.454939,-64.469102"",""32.453811,-64.470728""]]",
4bgz3ov63adj,8br9m2rfp6ip,2020-09-11 19:01:41,2020-09-11 18:48:15,TRUE,en,2,"POLYGON ((-64.8422 32.212885, -64.8422 32.212885, -64.864345 32.216267, -64.89372 32.220546, -64.936782 32.222719, -64.963956 32.220949, -64.974595 32.214908, -64.976019 32.204583, -64.966441 32.188566, -64.928021 32.168404, -64.873218 32.158038, -64.837446 32.156188, -64.813578 32.158394, -64.796616 32.164071, -64.785941 32.169835, -64.77938 32.179618, -64.779417 32.193661, -64.798994 32.210135, -64.828302 32.220985, -64.841369 32.222363, -64.853595 32.222363, -64.857658 32.221787, -64.8422 32.212885))","[[""32.212885,-64.8422"",""32.212885,-64.8422"",""32.216267,-64.864345"",""32.220546,-64.89372"",""32.222719,-64.936782"",""32.220949,-64.963956"",""32.214908,-64.974595"",""32.204583,-64.976019"",""32.188566,-64.966441"",""32.168404,-64.928021"",""32.158038,-64.873218"",""32.156188,-64.837446"",""32.158394,-64.813578"",""32.164071,-64.796616"",""32.169835,-64.785941"",""32.179618,-64.77938"",""32.193661,-64.779417"",""32.210135,-64.798994"",""32.220985,-64.828302"",""32.222363,-64.841369"",""32.222363,-64.853595"",""32.221787,-64.857658"",""32.212885,-64.8422""]]",
6bu4u8sm2zil,8br9m2rfp6ip,2020-09-11 19:39:50,2020-09-11 19:38:49,TRUE,en,0,"POLYGON ((-64.78133 32.343708, -64.778786 32.3412, -64.778786 32.3412, -64.778786 32.337976, -64.778786 32.334751, -64.780058 32.332602, -64.782178 32.331169, -64.78345 32.33081, -64.783874 32.330452, -64.783874 32.330452, -64.784722 32.330452, -64.784722 32.330452, -64.785146 32.33081, -64.78557 32.331885, -64.78557 32.333677, -64.78557 32.337259, -64.78557 32.340126, -64.78557 32.341559, -64.78557 32.341917, -64.78557 32.341917, -64.78557 32.341917, -64.78557 32.341917, -64.78133 32.343708))","[[""32.343708,-64.78133"",""32.3412,-64.778786"",""32.3412,-64.778786"",""32.337976,-64.778786"",""32.334751,-64.778786"",""32.332602,-64.780058"",""32.331169,-64.782178"",""32.33081,-64.78345"",""32.330452,-64.783874"",""32.330452,-64.783874"",""32.330452,-64.784722"",""32.330452,-64.784722"",""32.33081,-64.785146"",""32.331885,-64.78557"",""32.333677,-64.78557"",""32.337259,-64.78557"",""32.340126,-64.78557"",""32.341559,-64.78557"",""32.341917,-64.78557"",""32.341917,-64.78557"",""32.341917,-64.78557"",""32.341917,-64.78557"",""32.343708,-64.78133""]]",
3jli3fr36si4,2byc8yyk8des,,2020-09-17 10:23:16,TRUE,en,0,"POLYGON ((-64.921744 32.353899, -64.91794 32.351567, -64.908625 32.346081, -64.903577 32.344486, -64.895351 32.34241, -64.887511 32.340341, -64.881527 32.339142, -64.879279 32.339142, -64.878394 32.339294, -64.875299 32.343371, -64.869975 32.351082, -64.866136 32.355773, -64.866136 32.355773, -64.86594 32.356377, -64.866233 32.366931, -64.866582 32.376454, -64.866582 32.378611, -64.867139 32.379549, -64.868309 32.380883, -64.870047 32.382516, -64.872582 32.384475, -64.875199 32.386009, -64.877171 32.387177, -64.880403 32.388276, -64.883635 32.38901, -64.886612 32.389726, -64.890783 32.390292, -64.893007 32.390292, -64.896276 32.390292, -64.899256 32.389945, -64.901558 32.389418, -64.905313 32.388235, -64.910548 32.38549, -64.916685 32.380767, -64.918941 32.378507, -64.919695 32.377397, -64.920446 32.376454, -64.921776 32.375014, -64.922927 32.373888, -64.92474 32.372021, -64.925748 32.370517, -64.925928 32.369769, -64.926127 32.368662, -64.926306 32.367733, -64.926486 32.366657, -64.926864 32.365365, -64.927044 32.364076, -64.927044 32.363329, -64.927044 32.362581, -64.927044 32.362581, -64.927044 32.362581, -64.921744 32.353899))","[[""32.353899,-64.921744"",""32.351567,-64.91794"",""32.346081,-64.908625"",""32.344486,-64.903577"",""32.34241,-64.895351"",""32.340341,-64.887511"",""32.339142,-64.881527"",""32.339142,-64.879279"",""32.339294,-64.878394"",""32.343371,-64.875299"",""32.351082,-64.869975"",""32.355773,-64.866136"",""32.355773,-64.866136"",""32.356377,-64.86594"",""32.366931,-64.866233"",""32.376454,-64.866582"",""32.378611,-64.866582"",""32.379549,-64.867139"",""32.380883,-64.868309"",""32.382516,-64.870047"",""32.384475,-64.872582"",""32.386009,-64.875199"",""32.387177,-64.877171"",""32.388276,-64.880403"",""32.38901,-64.883635"",""32.389726,-64.886612"",""32.390292,-64.890783"",""32.390292,-64.893007"",""32.390292,-64.896276"",""32.389945,-64.899256"",""32.389418,-64.901558"",""32.388235,-64.905313"",""32.38549,-64.910548"",""32.380767,-64.916685"",""32.378507,-64.918941"",""32.377397,-64.919695"",""32.376454,-64.920446"",""32.375014,-64.921776"",""32.373888,-64.922927"",""32.372021,-64.92474"",""32.370517,-64.925748"",""32.369769,-64.925928"",""32.368662,-64.926127"",""32.367733,-64.926306"",""32.366657,-64.926486"",""32.365365,-64.926864"",""32.364076,-64.927044"",""32.363329,-64.927044"",""32.362581,-64.927044"",""32.362581,-64.927044"",""32.362581,-64.927044"",""32.353899,-64.921744""]]",
3jfs7fvu7zdx,2byc8yyk8des,2020-09-17 15:51:15,2020-09-17 15:47:43,TRUE,en,0,"POLYGON ((-64.750831 32.334318, -64.750831 32.334318, -64.751346 32.333737, -64.751346 32.333447, -64.751346 32.333447, -64.751346 32.333012, -64.751346 32.333012, -64.751517 32.332722, -64.751517 32.332432, -64.751689 32.332287, -64.751689 32.332287, -64.751689 32.331997, -64.751861 32.331852, -64.751861 32.331852, -64.751861 32.331562, -64.751861 32.331562, -64.752032 32.331417, -64.752032 32.331417, -64.752204 32.331272, -64.752376 32.331127, -64.752547 32.330982, -64.752719 32.330982, -64.752891 32.330837, -64.753062 32.330691, -64.753234 32.330546, -64.753577 32.330546, -64.753921 32.330256, -64.754264 32.330256, -64.754607 32.329966, -64.754779 32.329821, -64.755122 32.329676, -64.755294 32.329531, -64.755637 32.329386, -64.755981 32.329241, -64.756152 32.329096, -64.756496 32.328951, -64.756839 32.328806, -64.757182 32.328661, -64.757526 32.328516, -64.757869 32.328371, -64.758212 32.328226, -64.758556 32.328081, -64.758899 32.327935, -64.759414 32.32779, -64.759757 32.327645, -64.760101 32.3275, -64.760272 32.3275, -64.760615 32.327355, -64.760959 32.32721, -64.761302 32.327065, -64.761645 32.32692, -64.761989 32.32692, -64.762504 32.326775, -64.762847 32.32663, -64.76319 32.326485, -64.763705 32.326195, -64.76422 32.32605, -64.764564 32.325905, -64.765079 32.325615, -64.765594 32.32547, -64.766109 32.325324, -64.766624 32.325034, -64.767139 32.324744, -64.767654 32.324599, -64.768169 32.324309, -64.768684 32.324019, -64.76937 32.323729, -64.769885 32.323439, -64.7704 32.323149, -64.770915 32.322858, -64.77143 32.322423, -64.772117 32.321988, -64.772803 32.321408, -64.77349 32.320973, -64.774005 32.320392, -64.77452 32.319957, -64.775035 32.319377, -64.775378 32.318942, -64.775722 32.318361, -64.776065 32.317926, -64.776408 32.317491, -64.77658 32.317056, -64.776752 32.316621, -64.776923 32.31633, -64.777095 32.315895, -64.777095 32.31546, -64.777267 32.31517, -64.777267 32.31488, -64.777267 32.314444, -64.777267 32.314154, -64.777267 32.313864, -64.777267 32.313574, -64.777267 32.313284, -64.777267 32.313284, -64.777095 32.313139, -64.777095 32.313139, -64.776752 32.313139, -64.776752 32.313139, -64.776237 32.313139, -64.776237 32.313139, -64.775893 32.313139, -64.775893 32.313139, -64.775378 32.313139, -64.775378 32.313139, -64.775035 32.313139, -64.775035 32.313139, -64.77452 32.313139, -64.774348 32.312994, -64.774005 32.312994, -64.774005 32.312994, -64.77349 32.312849, -64.773147 32.312849, -64.772803 32.312849, -64.772632 32.312704, -64.772288 32.312704, -64.771773 32.312704, -64.77143 32.312704, -64.771087 32.312704, -64.770744 32.312704, -64.770229 32.312704, -64.769885 32.312704, -64.769542 32.312704, -64.769027 32.312704, -64.768684 32.312704, -64.768169 32.312849, -64.767654 32.312994, -64.767139 32.313139, -64.766624 32.313284, -64.766109 32.313574, -64.765594 32.313864, -64.765079 32.314009, -64.764564 32.314154, -64.764049 32.314299, -64.763534 32.31459, -64.76319 32.314735, -64.762675 32.31488, -64.762332 32.315025, -64.761989 32.31517, -64.761474 32.315315, -64.76113 32.31546, -64.760787 32.315605, -64.760444 32.31575, -64.760101 32.31604, -64.759586 32.31633, -64.759242 32.316621, -64.758899 32.316766, -64.758556 32.317056, -64.758212 32.317201, -64.758041 32.317491, -64.757697 32.317636, -64.757354 32.317926, -64.757011 32.318216, -64.756667 32.318361, -64.756152 32.318652, -64.755981 32.318942, -64.755637 32.319232, -64.755294 32.319377, -64.754951 32.319522, -64.754607 32.319812, -64.754264 32.319957, -64.753921 32.320102, -64.753577 32.320392, -64.753234 32.320537, -64.752891 32.320683, -64.752376 32.320973, -64.751861 32.321263, -64.751517 32.321553, -64.751002 32.321843, -64.750659 32.322133, -64.750144 32.322423, -64.749801 32.322858, -64.749286 32.323149, -64.748771 32.323584, -64.748428 32.323874, -64.747913 32.324164, -64.747569 32.324599, -64.747054 32.324889, -64.746711 32.325179, -64.746368 32.32547, -64.746196 32.32576, -64.746024 32.32605, -64.745853 32.32634, -64.745681 32.32663, -64.745509 32.326775, -64.745338 32.327065, -64.745166 32.327355, -64.744994 32.327645, -64.744994 32.327645, -64.744994 32.328081, -64.744823 32.328226, -64.744823 32.328516, -64.744823 32.328806, -64.744651 32.328951, -64.744479 32.329241, -64.744479 32.329531, -64.744479 32.329821, -64.744479 32.329821, -64.744308 32.330256, -64.744308 32.330256, -64.744308 32.330546, -64.744308 32.330837, -64.744308 32.330982, -64.744308 32.331127, -64.744308 32.331417, -64.744308 32.331562, -64.744308 32.331562, -64.744308 32.331852, -64.744308 32.331852, -64.744308 32.332142, -64.744308 32.332142, -64.744308 32.332432, -64.744308 32.332432, -64.744308 32.332722, -64.744479 32.332867, -64.744651 32.333012, -64.744651 32.333012, -64.744823 32.333302, -64.744823 32.333302, -64.745338 32.333447, -64.745338 32.333447, -64.745853 32.333592, -64.746196 32.333592, -64.746539 32.333592, -64.746883 32.333592, -64.747226 32.333592, -64.747398 32.333592, -64.747741 32.333592, -64.747913 32.333592, -64.748256 32.333592, -64.748428 32.333737, -64.748599 32.333737, -64.748943 32.333737, -64.749114 32.333883, -64.749286 32.333883, -64.749458 32.333883, -64.749801 32.333883, -64.749972 32.334028, -64.750316 32.334028, -64.750487 32.334173, -64.750659 32.334173, -64.750831 32.334318, -64.750831 32.334318, -64.750487 32.334318, -64.750831 32.334318))","[[""32.334318,-64.750831"",""32.334318,-64.750831"",""32.333737,-64.751346"",""32.333447,-64.751346"",""32.333447,-64.751346"",""32.333012,-64.751346"",""32.333012,-64.751346"",""32.332722,-64.751517"",""32.332432,-64.751517"",""32.332287,-64.751689"",""32.332287,-64.751689"",""32.331997,-64.751689"",""32.331852,-64.751861"",""32.331852,-64.751861"",""32.331562,-64.751861"",""32.331562,-64.751861"",""32.331417,-64.752032"",""32.331417,-64.752032"",""32.331272,-64.752204"",""32.331127,-64.752376"",""32.330982,-64.752547"",""32.330982,-64.752719"",""32.330837,-64.752891"",""32.330691,-64.753062"",""32.330546,-64.753234"",""32.330546,-64.753577"",""32.330256,-64.753921"",""32.330256,-64.754264"",""32.329966,-64.754607"",""32.329821,-64.754779"",""32.329676,-64.755122"",""32.329531,-64.755294"",""32.329386,-64.755637"",""32.329241,-64.755981"",""32.329096,-64.756152"",""32.328951,-64.756496"",""32.328806,-64.756839"",""32.328661,-64.757182"",""32.328516,-64.757526"",""32.328371,-64.757869"",""32.328226,-64.758212"",""32.328081,-64.758556"",""32.327935,-64.758899"",""32.32779,-64.759414"",""32.327645,-64.759757"",""32.3275,-64.760101"",""32.3275,-64.760272"",""32.327355,-64.760615"",""32.32721,-64.760959"",""32.327065,-64.761302"",""32.32692,-64.761645"",""32.32692,-64.761989"",""32.326775,-64.762504"",""32.32663,-64.762847"",""32.326485,-64.76319"",""32.326195,-64.763705"",""32.32605,-64.76422"",""32.325905,-64.764564"",""32.325615,-64.765079"",""32.32547,-64.765594"",""32.325324,-64.766109"",""32.325034,-64.766624"",""32.324744,-64.767139"",""32.324599,-64.767654"",""32.324309,-64.768169"",""32.324019,-64.768684"",""32.323729,-64.76937"",""32.323439,-64.769885"",""32.323149,-64.7704"",""32.322858,-64.770915"",""32.322423,-64.77143"",""32.321988,-64.772117"",""32.321408,-64.772803"",""32.320973,-64.77349"",""32.320392,-64.774005"",""32.319957,-64.77452"",""32.319377,-64.775035"",""32.318942,-64.775378"",""32.318361,-64.775722"",""32.317926,-64.776065"",""32.317491,-64.776408"",""32.317056,-64.77658"",""32.316621,-64.776752"",""32.31633,-64.776923"",""32.315895,-64.777095"",""32.31546,-64.777095"",""32.31517,-64.777267"",""32.31488,-64.777267"",""32.314444,-64.777267"",""32.314154,-64.777267"",""32.313864,-64.777267"",""32.313574,-64.777267"",""32.313284,-64.777267"",""32.313284,-64.777267"",""32.313139,-64.777095"",""32.313139,-64.777095"",""32.313139,-64.776752"",""32.313139,-64.776752"",""32.313139,-64.776237"",""32.313139,-64.776237"",""32.313139,-64.775893"",""32.313139,-64.775893"",""32.313139,-64.775378"",""32.313139,-64.775378"",""32.313139,-64.775035"",""32.313139,-64.775035"",""32.313139,-64.77452"",""32.312994,-64.774348"",""32.312994,-64.774005"",""32.312994,-64.774005"",""32.312849,-64.77349"",""32.312849,-64.773147"",""32.312849,-64.772803"",""32.312704,-64.772632"",""32.312704,-64.772288"",""32.312704,-64.771773"",""32.312704,-64.77143"",""32.312704,-64.771087"",""32.312704,-64.770744"",""32.312704,-64.770229"",""32.312704,-64.769885"",""32.312704,-64.769542"",""32.312704,-64.769027"",""32.312704,-64.768684"",""32.312849,-64.768169"",""32.312994,-64.767654"",""32.313139,-64.767139"",""32.313284,-64.766624"",""32.313574,-64.766109"",""32.313864,-64.765594"",""32.314009,-64.765079"",""32.314154,-64.764564"",""32.314299,-64.764049"",""32.31459,-64.763534"",""32.314735,-64.76319"",""32.31488,-64.762675"",""32.315025,-64.762332"",""32.31517,-64.761989"",""32.315315,-64.761474"",""32.31546,-64.76113"",""32.315605,-64.760787"",""32.31575,-64.760444"",""32.31604,-64.760101"",""32.31633,-64.759586"",""32.316621,-64.759242"",""32.316766,-64.758899"",""32.317056,-64.758556"",""32.317201,-64.758212"",""32.317491,-64.758041"",""32.317636,-64.757697"",""32.317926,-64.757354"",""32.318216,-64.757011"",""32.318361,-64.756667"",""32.318652,-64.756152"",""32.318942,-64.755981"",""32.319232,-64.755637"",""32.319377,-64.755294"",""32.319522,-64.754951"",""32.319812,-64.754607"",""32.319957,-64.754264"",""32.320102,-64.753921"",""32.320392,-64.753577"",""32.320537,-64.753234"",""32.320683,-64.752891"",""32.320973,-64.752376"",""32.321263,-64.751861"",""32.321553,-64.751517"",""32.321843,-64.751002"",""32.322133,-64.750659"",""32.322423,-64.750144"",""32.322858,-64.749801"",""32.323149,-64.749286"",""32.323584,-64.748771"",""32.323874,-64.748428"",""32.324164,-64.747913"",""32.324599,-64.747569"",""32.324889,-64.747054"",""32.325179,-64.746711"",""32.32547,-64.746368"",""32.32576,-64.746196"",""32.32605,-64.746024"",""32.32634,-64.745853"",""32.32663,-64.745681"",""32.326775,-64.745509"",""32.327065,-64.745338"",""32.327355,-64.745166"",""32.327645,-64.744994"",""32.327645,-64.744994"",""32.328081,-64.744994"",""32.328226,-64.744823"",""32.328516,-64.744823"",""32.328806,-64.744823"",""32.328951,-64.744651"",""32.329241,-64.744479"",""32.329531,-64.744479"",""32.329821,-64.744479"",""32.329821,-64.744479"",""32.330256,-64.744308"",""32.330256,-64.744308"",""32.330546,-64.744308"",""32.330837,-64.744308"",""32.330982,-64.744308"",""32.331127,-64.744308"",""32.331417,-64.744308"",""32.331562,-64.744308"",""32.331562,-64.744308"",""32.331852,-64.744308"",""32.331852,-64.744308"",""32.332142,-64.744308"",""32.332142,-64.744308"",""32.332432,-64.744308"",""32.332432,-64.744308"",""32.332722,-64.744308"",""32.332867,-64.744479"",""32.333012,-64.744651"",""32.333012,-64.744651"",""32.333302,-64.744823"",""32.333302,-64.744823"",""32.333447,-64.745338"",""32.333447,-64.745338"",""32.333592,-64.745853"",""32.333592,-64.746196"",""32.333592,-64.746539"",""32.333592,-64.746883"",""32.333592,-64.747226"",""32.333592,-64.747398"",""32.333592,-64.747741"",""32.333592,-64.747913"",""32.333592,-64.748256"",""32.333737,-64.748428"",""32.333737,-64.748599"",""32.333737,-64.748943"",""32.333883,-64.749114"",""32.333883,-64.749286"",""32.333883,-64.749458"",""32.333883,-64.749801"",""32.334028,-64.749972"",""32.334028,-64.750316"",""32.334173,-64.750487"",""32.334173,-64.750659"",""32.334318,-64.750831"",""32.334318,-64.750831"",""32.334318,-64.750487"",""32.334318,-64.750831""]]",
3jfs7fvu7zdx,2byc8yyk8des,2020-09-17 15:51:15,2020-09-17 15:47:43,TRUE,en,1,"POLYGON ((-64.810194 32.296468, -64.810194 32.296468, -64.811052 32.295888, -64.811224 32.295452, -64.811567 32.294872, -64.812082 32.294437, -64.812254 32.294001, -64.812597 32.293711, -64.81294 32.293421, -64.813283 32.293131, -64.813627 32.292695, -64.81397 32.292405, -64.814313 32.292115, -64.814657 32.29197, -64.815172 32.291534, -64.815515 32.291244, -64.81603 32.290809, -64.816545 32.290664, -64.816888 32.290228, -64.817403 32.290083, -64.817918 32.289938, -64.818262 32.289793, -64.818605 32.289648, -64.818948 32.289648, -64.819292 32.289648, -64.819463 32.289648, -64.819807 32.289648, -64.819978 32.289648, -64.820322 32.289648, -64.820665 32.289648, -64.821008 32.289648, -64.821352 32.289648, -64.821695 32.289648, -64.822038 32.289648, -64.822382 32.289793, -64.822725 32.289793, -64.82324 32.289793, -64.823583 32.289793, -64.823927 32.289793, -64.824441 32.289938, -64.824785 32.289938, -64.825128 32.289938, -64.825643 32.290083, -64.825986 32.290228, -64.82633 32.290374, -64.826673 32.290519, -64.827016 32.290664, -64.82736 32.290954, -64.827703 32.291244, -64.827875 32.291534, -64.828218 32.29168, -64.828561 32.29197, -64.828905 32.292115, -64.829248 32.29226, -64.829591 32.292405, -64.830106 32.29255, -64.83045 32.29284, -64.830965 32.292986, -64.83148 32.292986, -64.831995 32.293131, -64.832681 32.293131, -64.833196 32.293276, -64.833711 32.293276, -64.834226 32.293276, -64.83457 32.293276, -64.834913 32.293276, -64.835256 32.293276, -64.835599 32.293276, -64.835771 32.293276, -64.836114 32.293276, -64.836458 32.293276, -64.836801 32.293276, -64.837144 32.293276, -64.837316 32.293276, -64.837488 32.293131, -64.837659 32.292986, -64.837831 32.29284, -64.838003 32.29255, -64.838174 32.29226, -64.838346 32.292115, -64.838518 32.291825, -64.838689 32.291534, -64.838689 32.291244, -64.838861 32.290954, -64.839033 32.290664, -64.839204 32.290374, -64.839376 32.289938, -64.839719 32.289648, -64.839891 32.289358, -64.840063 32.289067, -64.840406 32.288632, -64.840749 32.288342, -64.840921 32.288052, -64.841264 32.287616, -64.841436 32.287326, -64.841779 32.287036, -64.841951 32.2866, -64.842294 32.28631, -64.842466 32.28602, -64.842809 32.285875, -64.843153 32.28573, -64.843324 32.28573, -64.843668 32.28573, -64.844011 32.28573, -64.844354 32.28573, -64.844526 32.28573, -64.844869 32.28573, -64.845213 32.28573, -64.845384 32.285875, -64.845727 32.28602, -64.845899 32.28631, -64.846242 32.2866, -64.846414 32.286891, -64.846586 32.287181, -64.846757 32.287616, -64.846929 32.287907, -64.847101 32.288197, -64.847272 32.288487, -64.847444 32.288777, -64.847616 32.289067, -64.847616 32.289358, -64.847787 32.289648, -64.847787 32.289938, -64.847787 32.290374, -64.847787 32.290664, -64.847787 32.290954, -64.847787 32.291244, -64.847787 32.291534, -64.847787 32.291825, -64.847787 32.292115, -64.847787 32.292405, -64.847616 32.29284, -64.847444 32.293131, -64.847272 32.293421, -64.846929 32.293856, -64.846414 32.294292, -64.846071 32.294727, -64.845556 32.295452, -64.845041 32.296033, -64.844354 32.296613, -64.844011 32.297194, -64.843496 32.297629, -64.842981 32.298209, -64.842638 32.29879, -64.842123 32.29937, -64.841436 32.299951, -64.840921 32.300531, -64.840234 32.301111, -64.839548 32.301547, -64.838689 32.301982, -64.837831 32.302417, -64.836629 32.302707, -64.835771 32.303143, -64.834741 32.303288, -64.833883 32.303433, -64.833196 32.303433, -64.832681 32.303433, -64.832166 32.303433, -64.831823 32.303433, -64.831651 32.303288, -64.83148 32.302998, -64.831308 32.302707, -64.831136 32.302562, -64.830965 32.302272, -64.830793 32.301982, -64.83045 32.301692, -64.830278 32.301402, -64.829935 32.301111, -64.829763 32.300966, -64.82942 32.300676, -64.828905 32.300531, -64.828733 32.300241, -64.82839 32.300096, -64.827875 32.299805, -64.827531 32.29966, -64.827188 32.29937, -64.826845 32.299225, -64.82633 32.29908, -64.825986 32.29879, -64.825643 32.298645, -64.8253 32.298354, -64.824956 32.298209, -64.824613 32.298064, -64.82427 32.297774, -64.823927 32.297629, -64.823412 32.297484, -64.823068 32.297194, -64.822725 32.297049, -64.82221 32.296903, -64.821695 32.296903, -64.82118 32.296903, -64.820665 32.296903, -64.82015 32.296903, -64.819635 32.296903, -64.81912 32.296903, -64.818433 32.296903, -64.817918 32.296903, -64.817403 32.296903, -64.816888 32.296903, -64.816373 32.296903, -64.815858 32.296903, -64.815343 32.296903, -64.814828 32.296903, -64.814313 32.296903, -64.813627 32.296903, -64.813112 32.296903, -64.812597 32.296903, -64.812254 32.296903, -64.81191 32.296903, -64.811567 32.296903, -64.811224 32.296903, -64.81088 32.296903, -64.810537 32.296903, -64.810537 32.296903, -64.810194 32.296758, -64.810194 32.296758, -64.810194 32.296468, -64.810194 32.296178, -64.810194 32.296178, -64.810194 32.295888, -64.810194 32.295888, -64.810194 32.295597, -64.810194 32.295597, -64.810194 32.295307, -64.810194 32.296468))","[[""32.296468,-64.810194"",""32.296468,-64.810194"",""32.295888,-64.811052"",""32.295452,-64.811224"",""32.294872,-64.811567"",""32.294437,-64.812082"",""32.294001,-64.812254"",""32.293711,-64.812597"",""32.293421,-64.81294"",""32.293131,-64.813283"",""32.292695,-64.813627"",""32.292405,-64.81397"",""32.292115,-64.814313"",""32.29197,-64.814657"",""32.291534,-64.815172"",""32.291244,-64.815515"",""32.290809,-64.81603"",""32.290664,-64.816545"",""32.290228,-64.816888"",""32.290083,-64.817403"",""32.289938,-64.817918"",""32.289793,-64.818262"",""32.289648,-64.818605"",""32.289648,-64.818948"",""32.289648,-64.819292"",""32.289648,-64.819463"",""32.289648,-64.819807"",""32.289648,-64.819978"",""32.289648,-64.820322"",""32.289648,-64.820665"",""32.289648,-64.821008"",""32.289648,-64.821352"",""32.289648,-64.821695"",""32.289648,-64.822038"",""32.289793,-64.822382"",""32.289793,-64.822725"",""32.289793,-64.82324"",""32.289793,-64.823583"",""32.289793,-64.823927"",""32.289938,-64.824441"",""32.289938,-64.824785"",""32.289938,-64.825128"",""32.290083,-64.825643"",""32.290228,-64.825986"",""32.290374,-64.82633"",""32.290519,-64.826673"",""32.290664,-64.827016"",""32.290954,-64.82736"",""32.291244,-64.827703"",""32.291534,-64.827875"",""32.29168,-64.828218"",""32.29197,-64.828561"",""32.292115,-64.828905"",""32.29226,-64.829248"",""32.292405,-64.829591"",""32.29255,-64.830106"",""32.29284,-64.83045"",""32.292986,-64.830965"",""32.292986,-64.83148"",""32.293131,-64.831995"",""32.293131,-64.832681"",""32.293276,-64.833196"",""32.293276,-64.833711"",""32.293276,-64.834226"",""32.293276,-64.83457"",""32.293276,-64.834913"",""32.293276,-64.835256"",""32.293276,-64.835599"",""32.293276,-64.835771"",""32.293276,-64.836114"",""32.293276,-64.836458"",""32.293276,-64.836801"",""32.293276,-64.837144"",""32.293276,-64.837316"",""32.293131,-64.837488"",""32.292986,-64.837659"",""32.29284,-64.837831"",""32.29255,-64.838003"",""32.29226,-64.838174"",""32.292115,-64.838346"",""32.291825,-64.838518"",""32.291534,-64.838689"",""32.291244,-64.838689"",""32.290954,-64.838861"",""32.290664,-64.839033"",""32.290374,-64.839204"",""32.289938,-64.839376"",""32.289648,-64.839719"",""32.289358,-64.839891"",""32.289067,-64.840063"",""32.288632,-64.840406"",""32.288342,-64.840749"",""32.288052,-64.840921"",""32.287616,-64.841264"",""32.287326,-64.841436"",""32.287036,-64.841779"",""32.2866,-64.841951"",""32.28631,-64.842294"",""32.28602,-64.842466"",""32.285875,-64.842809"",""32.28573,-64.843153"",""32.28573,-64.843324"",""32.28573,-64.843668"",""32.28573,-64.844011"",""32.28573,-64.844354"",""32.28573,-64.844526"",""32.28573,-64.844869"",""32.28573,-64.845213"",""32.285875,-64.845384"",""32.28602,-64.845727"",""32.28631,-64.845899"",""32.2866,-64.846242"",""32.286891,-64.846414"",""32.287181,-64.846586"",""32.287616,-64.846757"",""32.287907,-64.846929"",""32.288197,-64.847101"",""32.288487,-64.847272"",""32.288777,-64.847444"",""32.289067,-64.847616"",""32.289358,-64.847616"",""32.289648,-64.847787"",""32.289938,-64.847787"",""32.290374,-64.847787"",""32.290664,-64.847787"",""32.290954,-64.847787"",""32.291244,-64.847787"",""32.291534,-64.847787"",""32.291825,-64.847787"",""32.292115,-64.847787"",""32.292405,-64.847787"",""32.29284,-64.847616"",""32.293131,-64.847444"",""32.293421,-64.847272"",""32.293856,-64.846929"",""32.294292,-64.846414"",""32.294727,-64.846071"",""32.295452,-64.845556"",""32.296033,-64.845041"",""32.296613,-64.844354"",""32.297194,-64.844011"",""32.297629,-64.843496"",""32.298209,-64.842981"",""32.29879,-64.842638"",""32.29937,-64.842123"",""32.299951,-64.841436"",""32.300531,-64.840921"",""32.301111,-64.840234"",""32.301547,-64.839548"",""32.301982,-64.838689"",""32.302417,-64.837831"",""32.302707,-64.836629"",""32.303143,-64.835771"",""32.303288,-64.834741"",""32.303433,-64.833883"",""32.303433,-64.833196"",""32.303433,-64.832681"",""32.303433,-64.832166"",""32.303433,-64.831823"",""32.303288,-64.831651"",""32.302998,-64.83148"",""32.302707,-64.831308"",""32.302562,-64.831136"",""32.302272,-64.830965"",""32.301982,-64.830793"",""32.301692,-64.83045"",""32.301402,-64.830278"",""32.301111,-64.829935"",""32.300966,-64.829763"",""32.300676,-64.82942"",""32.300531,-64.828905"",""32.300241,-64.828733"",""32.300096,-64.82839"",""32.299805,-64.827875"",""32.29966,-64.827531"",""32.29937,-64.827188"",""32.299225,-64.826845"",""32.29908,-64.82633"",""32.29879,-64.825986"",""32.298645,-64.825643"",""32.298354,-64.8253"",""32.298209,-64.824956"",""32.298064,-64.824613"",""32.297774,-64.82427"",""32.297629,-64.823927"",""32.297484,-64.823412"",""32.297194,-64.823068"",""32.297049,-64.822725"",""32.296903,-64.82221"",""32.296903,-64.821695"",""32.296903,-64.82118"",""32.296903,-64.820665"",""32.296903,-64.82015"",""32.296903,-64.819635"",""32.296903,-64.81912"",""32.296903,-64.818433"",""32.296903,-64.817918"",""32.296903,-64.817403"",""32.296903,-64.816888"",""32.296903,-64.816373"",""32.296903,-64.815858"",""32.296903,-64.815343"",""32.296903,-64.814828"",""32.296903,-64.814313"",""32.296903,-64.813627"",""32.296903,-64.813112"",""32.296903,-64.812597"",""32.296903,-64.812254"",""32.296903,-64.81191"",""32.296903,-64.811567"",""32.296903,-64.811224"",""32.296903,-64.81088"",""32.296903,-64.810537"",""32.296903,-64.810537"",""32.296758,-64.810194"",""32.296758,-64.810194"",""32.296468,-64.810194"",""32.296178,-64.810194"",""32.296178,-64.810194"",""32.295888,-64.810194"",""32.295888,-64.810194"",""32.295597,-64.810194"",""32.295597,-64.810194"",""32.295307,-64.810194"",""32.296468,-64.810194""]]",
9bdz6ikl78ku,3sc4vp8db2wt,2020-09-17 16:31:51,2020-09-17 16:31:10,TRUE,en,0,"POLYGON ((-64.71943 32.43542, -64.71943 32.43542, -64.735848 32.428293, -64.757641 32.421544, -64.782103 32.414537, -64.796474 32.410042, -64.80613 32.406296, -64.813704 32.402832, -64.82008 32.399143, -64.827633 32.392794, -64.831673 32.387547, -64.836954 32.379605, -64.841232 32.37013, -64.842801 32.361097, -64.840966 32.352505, -64.834953 32.344862, -64.823787 32.338438, -64.810998 32.337087, -64.796742 32.339516, -64.773184 32.348703, -64.740786 32.360211, -64.712835 32.371346, -64.67571 32.392858, -64.666221 32.401951, -64.661253 32.415465, -64.661253 32.417281, -64.66308 32.434587, -64.668782 32.443445, -64.669764 32.444549, -64.684207 32.44873, -64.686884 32.44873, -64.724537 32.449518, -64.736178 32.45179, -64.75259 32.451109, -64.761986 32.443366, -64.763687 32.438361, -64.764797 32.434279, -64.764797 32.426657, -64.763963 32.425079, -64.71943 32.43542))","[[""32.43542,-64.71943"",""32.43542,-64.71943"",""32.428293,-64.735848"",""32.421544,-64.757641"",""32.414537,-64.782103"",""32.410042,-64.796474"",""32.406296,-64.80613"",""32.402832,-64.813704"",""32.399143,-64.82008"",""32.392794,-64.827633"",""32.387547,-64.831673"",""32.379605,-64.836954"",""32.37013,-64.841232"",""32.361097,-64.842801"",""32.352505,-64.840966"",""32.344862,-64.834953"",""32.338438,-64.823787"",""32.337087,-64.810998"",""32.339516,-64.796742"",""32.348703,-64.773184"",""32.360211,-64.740786"",""32.371346,-64.712835"",""32.392858,-64.67571"",""32.401951,-64.666221"",""32.415465,-64.661253"",""32.417281,-64.661253"",""32.434587,-64.66308"",""32.443445,-64.668782"",""32.444549,-64.669764"",""32.44873,-64.684207"",""32.44873,-64.686884"",""32.449518,-64.724537"",""32.45179,-64.736178"",""32.451109,-64.75259"",""32.443366,-64.761986"",""32.438361,-64.763687"",""32.434279,-64.764797"",""32.426657,-64.764797"",""32.425079,-64.763963"",""32.43542,-64.71943""]]",
9s47wn37kca7,429e4efu6uew,2020-09-18 01:24:22,2020-09-18 01:18:49,TRUE,en,0,"POLYGON ((-64.645688 32.355492, -64.646375 32.358972, -64.648435 32.361872, -64.651181 32.363612, -64.653928 32.364772, -64.656675 32.365932, -64.658734 32.365932, -64.660108 32.365932, -64.661481 32.365932, -64.663541 32.364192, -64.664914 32.362452, -64.665601 32.359552, -64.666288 32.357232, -64.666288 32.354331, -64.666288 32.352591, -64.664228 32.351431, -64.661481 32.350271, -64.658734 32.350271, -64.656675 32.349111, -64.653928 32.349111, -64.650495 32.348531, -64.648435 32.348531, -64.645688 32.348531, -64.645002 32.349691, -64.644315 32.351431, -64.644315 32.354331, -64.647061 32.356652, -64.651181 32.358392, -64.645688 32.355492))","[[""32.355492,-64.645688"",""32.358972,-64.646375"",""32.361872,-64.648435"",""32.363612,-64.651181"",""32.364772,-64.653928"",""32.365932,-64.656675"",""32.365932,-64.658734"",""32.365932,-64.660108"",""32.365932,-64.661481"",""32.364192,-64.663541"",""32.362452,-64.664914"",""32.359552,-64.665601"",""32.357232,-64.666288"",""32.354331,-64.666288"",""32.352591,-64.666288"",""32.351431,-64.664228"",""32.350271,-64.661481"",""32.350271,-64.658734"",""32.349111,-64.656675"",""32.349111,-64.653928"",""32.348531,-64.650495"",""32.348531,-64.648435"",""32.348531,-64.645688"",""32.349691,-64.645002"",""32.351431,-64.644315"",""32.354331,-64.644315"",""32.356652,-64.647061"",""32.358392,-64.651181"",""32.355492,-64.645688""]]",
9s47wn37kca7,429e4efu6uew,2020-09-18 01:24:22,2020-09-18 01:18:49,TRUE,en,1,"POLYGON ((-64.888761 32.263799, -64.885327 32.258573, -64.884641 32.257992, -64.883954 32.257412, -64.883268 32.257412, -64.883268 32.257412, -64.882581 32.256831, -64.881894 32.25625, -64.881894 32.25625, -64.880521 32.25567, -64.880521 32.25567, -64.879148 32.255089, -64.878461 32.254508, -64.878461 32.254508, -64.877088 32.253928, -64.877088 32.253928, -64.875714 32.252766, -64.875714 32.252766, -64.873655 32.251605, -64.872281 32.251024, -64.870908 32.250444, -64.870221 32.249863, -64.869535 32.249282, -64.868161 32.248701, -64.866788 32.248121, -64.866101 32.24754, -64.864728 32.24754, -64.864728 32.24754, -64.862668 32.24754, -64.861982 32.24754, -64.860608 32.246959, -64.860608 32.246959, -64.857175 32.246959, -64.857175 32.246959, -64.855115 32.246959, -64.853742 32.246959, -64.853742 32.246959, -64.851682 32.246959, -64.850309 32.246959, -64.850309 32.246959, -64.847562 32.246378, -64.846189 32.245798, -64.844815 32.245217, -64.843442 32.244636, -64.843442 32.244636, -64.841382 32.244636, -64.840696 32.244636, -64.840009 32.244636, -64.838636 32.244636, -64.836576 32.244055, -64.835202 32.244055, -64.835202 32.244055, -64.833142 32.244055, -64.833142 32.244055, -64.831769 32.244055, -64.830396 32.244055, -64.829709 32.244055, -64.828336 32.244055, -64.828336 32.244055, -64.826276 32.244055, -64.826276 32.244055, -64.824903 32.244055, -64.824903 32.244055, -64.823529 32.244055, -64.823529 32.244055, -64.822156 32.244055, -64.822156 32.244055, -64.820096 32.243475, -64.81735 32.241152, -64.81529 32.23999, -64.81323 32.238829, -64.810483 32.237086, -64.809796 32.236505, -64.808423 32.235344, -64.80705 32.234763, -64.806363 32.234182, -64.805677 32.233601, -64.80499 32.23302, -64.80499 32.23302, -64.804303 32.23244, -64.804303 32.23244, -64.804303 32.231278, -64.804303 32.231278, -64.804303 32.229535, -64.804303 32.229535, -64.80499 32.227793, -64.805677 32.227212, -64.80705 32.226631, -64.808423 32.22605, -64.80911 32.225469, -64.810483 32.224889, -64.81117 32.224308, -64.812543 32.223146, -64.813916 32.222565, -64.81529 32.222565, -64.81735 32.222565, -64.818723 32.222565, -64.820096 32.222565, -64.821469 32.222565, -64.822843 32.221984, -64.823529 32.221403, -64.824903 32.221403, -64.826276 32.221403, -64.826276 32.221403, -64.828336 32.221403, -64.829709 32.220822, -64.830396 32.220241, -64.831769 32.220241, -64.832456 32.219661, -64.833829 32.219661, -64.835202 32.219661, -64.836576 32.219661, -64.838636 32.219661, -64.840009 32.219661, -64.841382 32.219661, -64.842755 32.219661, -64.842755 32.219661, -64.844815 32.21908, -64.846189 32.21908, -64.848249 32.21908, -64.849622 32.21908, -64.851682 32.21908, -64.853055 32.21908, -64.855802 32.21908, -64.857862 32.21908, -64.860608 32.21908, -64.863355 32.21908, -64.864728 32.21908, -64.866788 32.219661, -64.868161 32.220241, -64.870221 32.220822, -64.872281 32.221984, -64.874341 32.223146, -64.876401 32.224308, -64.878461 32.225469, -64.879834 32.226631, -64.881208 32.227793, -64.882581 32.228955, -64.883268 32.229535, -64.884641 32.230697, -64.886701 32.231278, -64.888074 32.23244, -64.889447 32.23302, -64.890821 32.234182, -64.891507 32.235344, -64.892194 32.235925, -64.892881 32.237086, -64.893567 32.237667, -64.894254 32.238829, -64.894941 32.239409, -64.895627 32.240571, -64.896314 32.241152, -64.897 32.243475, -64.897687 32.244055, -64.898374 32.245217, -64.898374 32.245217, -64.898374 32.246378, -64.898374 32.246959, -64.898374 32.24754, -64.898374 32.248701, -64.898374 32.248701, -64.898374 32.250444, -64.898374 32.251605, -64.898374 32.253347, -64.898374 32.253347, -64.898374 32.254508, -64.898374 32.25567, -64.898374 32.25567, -64.897687 32.25625, -64.897 32.256831, -64.897 32.256831, -64.895627 32.257412, -64.895627 32.257412, -64.894941 32.257992, -64.894941 32.257992, -64.894254 32.258573, -64.893567 32.259154, -64.892881 32.259154, -64.892881 32.259734, -64.892194 32.259734, -64.892194 32.259734, -64.890821 32.259734, -64.890821 32.259734, -64.889447 32.259734, -64.888761 32.260315, -64.888761 32.263799))","[[""32.263799,-64.888761"",""32.258573,-64.885327"",""32.257992,-64.884641"",""32.257412,-64.883954"",""32.257412,-64.883268"",""32.257412,-64.883268"",""32.256831,-64.882581"",""32.25625,-64.881894"",""32.25625,-64.881894"",""32.25567,-64.880521"",""32.25567,-64.880521"",""32.255089,-64.879148"",""32.254508,-64.878461"",""32.254508,-64.878461"",""32.253928,-64.877088"",""32.253928,-64.877088"",""32.252766,-64.875714"",""32.252766,-64.875714"",""32.251605,-64.873655"",""32.251024,-64.872281"",""32.250444,-64.870908"",""32.249863,-64.870221"",""32.249282,-64.869535"",""32.248701,-64.868161"",""32.248121,-64.866788"",""32.24754,-64.866101"",""32.24754,-64.864728"",""32.24754,-64.864728"",""32.24754,-64.862668"",""32.24754,-64.861982"",""32.246959,-64.860608"",""32.246959,-64.860608"",""32.246959,-64.857175"",""32.246959,-64.857175"",""32.246959,-64.855115"",""32.246959,-64.853742"",""32.246959,-64.853742"",""32.246959,-64.851682"",""32.246959,-64.850309"",""32.246959,-64.850309"",""32.246378,-64.847562"",""32.245798,-64.846189"",""32.245217,-64.844815"",""32.244636,-64.843442"",""32.244636,-64.843442"",""32.244636,-64.841382"",""32.244636,-64.840696"",""32.244636,-64.840009"",""32.244636,-64.838636"",""32.244055,-64.836576"",""32.244055,-64.835202"",""32.244055,-64.835202"",""32.244055,-64.833142"",""32.244055,-64.833142"",""32.244055,-64.831769"",""32.244055,-64.830396"",""32.244055,-64.829709"",""32.244055,-64.828336"",""32.244055,-64.828336"",""32.244055,-64.826276"",""32.244055,-64.826276"",""32.244055,-64.824903"",""32.244055,-64.824903"",""32.244055,-64.823529"",""32.244055,-64.823529"",""32.244055,-64.822156"",""32.244055,-64.822156"",""32.243475,-64.820096"",""32.241152,-64.81735"",""32.23999,-64.81529"",""32.238829,-64.81323"",""32.237086,-64.810483"",""32.236505,-64.809796"",""32.235344,-64.808423"",""32.234763,-64.80705"",""32.234182,-64.806363"",""32.233601,-64.805677"",""32.23302,-64.80499"",""32.23302,-64.80499"",""32.23244,-64.804303"",""32.23244,-64.804303"",""32.231278,-64.804303"",""32.231278,-64.804303"",""32.229535,-64.804303"",""32.229535,-64.804303"",""32.227793,-64.80499"",""32.227212,-64.805677"",""32.226631,-64.80705"",""32.22605,-64.808423"",""32.225469,-64.80911"",""32.224889,-64.810483"",""32.224308,-64.81117"",""32.223146,-64.812543"",""32.222565,-64.813916"",""32.222565,-64.81529"",""32.222565,-64.81735"",""32.222565,-64.818723"",""32.222565,-64.820096"",""32.222565,-64.821469"",""32.221984,-64.822843"",""32.221403,-64.823529"",""32.221403,-64.824903"",""32.221403,-64.826276"",""32.221403,-64.826276"",""32.221403,-64.828336"",""32.220822,-64.829709"",""32.220241,-64.830396"",""32.220241,-64.831769"",""32.219661,-64.832456"",""32.219661,-64.833829"",""32.219661,-64.835202"",""32.219661,-64.836576"",""32.219661,-64.838636"",""32.219661,-64.840009"",""32.219661,-64.841382"",""32.219661,-64.842755"",""32.219661,-64.842755"",""32.21908,-64.844815"",""32.21908,-64.846189"",""32.21908,-64.848249"",""32.21908,-64.849622"",""32.21908,-64.851682"",""32.21908,-64.853055"",""32.21908,-64.855802"",""32.21908,-64.857862"",""32.21908,-64.860608"",""32.21908,-64.863355"",""32.21908,-64.864728"",""32.219661,-64.866788"",""32.220241,-64.868161"",""32.220822,-64.870221"",""32.221984,-64.872281"",""32.223146,-64.874341"",""32.224308,-64.876401"",""32.225469,-64.878461"",""32.226631,-64.879834"",""32.227793,-64.881208"",""32.228955,-64.882581"",""32.229535,-64.883268"",""32.230697,-64.884641"",""32.231278,-64.886701"",""32.23244,-64.888074"",""32.23302,-64.889447"",""32.234182,-64.890821"",""32.235344,-64.891507"",""32.235925,-64.892194"",""32.237086,-64.892881"",""32.237667,-64.893567"",""32.238829,-64.894254"",""32.239409,-64.894941"",""32.240571,-64.895627"",""32.241152,-64.896314"",""32.243475,-64.897"",""32.244055,-64.897687"",""32.245217,-64.898374"",""32.245217,-64.898374"",""32.246378,-64.898374"",""32.246959,-64.898374"",""32.24754,-64.898374"",""32.248701,-64.898374"",""32.248701,-64.898374"",""32.250444,-64.898374"",""32.251605,-64.898374"",""32.253347,-64.898374"",""32.253347,-64.898374"",""32.254508,-64.898374"",""32.25567,-64.898374"",""32.25567,-64.898374"",""32.25625,-64.897687"",""32.256831,-64.897"",""32.256831,-64.897"",""32.257412,-64.895627"",""32.257412,-64.895627"",""32.257992,-64.894941"",""32.257992,-64.894941"",""32.258573,-64.894254"",""32.259154,-64.893567"",""32.259154,-64.892881"",""32.259734,-64.892881"",""32.259734,-64.892194"",""32.259734,-64.892194"",""32.259734,-64.890821"",""32.259734,-64.890821"",""32.259734,-64.889447"",""32.260315,-64.888761"",""32.263799,-64.888761""]]",
9s47wn37kca7,429e4efu6uew,2020-09-18 01:24:22,2020-09-18 01:18:49,TRUE,en,2,"POLYGON ((-64.894254 32.318361, -64.891507 32.31546, -64.890821 32.313139, -64.890134 32.311978, -64.889447 32.311398, -64.888761 32.309657, -64.888074 32.308496, -64.887387 32.307335, -64.886701 32.306175, -64.886701 32.305014, -64.886701 32.303853, -64.886701 32.302693, -64.886014 32.299791, -64.886014 32.298049, -64.886014 32.296308, -64.886014 32.294567, -64.886014 32.292826, -64.886014 32.291665, -64.886014 32.290504, -64.886014 32.288762, -64.887387 32.287601, -64.888074 32.28586, -64.888761 32.284699, -64.889447 32.283538, -64.890821 32.282377, -64.891507 32.281797, -64.892194 32.281797, -64.892881 32.281216, -64.894254 32.281216, -64.895627 32.281216, -64.897 32.281216, -64.898374 32.281797, -64.900434 32.282958, -64.90112 32.282958, -64.902494 32.283538, -64.90318 32.284119, -64.903867 32.284699, -64.904554 32.28586, -64.904554 32.286441, -64.904554 32.287601, -64.90524 32.289343, -64.905927 32.291084, -64.906613 32.292826, -64.907987 32.296308, -64.908673 32.297469, -64.90936 32.29921, -64.91142 32.300371, -64.912793 32.301532, -64.914167 32.303273, -64.914853 32.304434, -64.91554 32.305014, -64.91554 32.305014, -64.91554 32.306175, -64.91554 32.306175, -64.91554 32.307335, -64.91554 32.307335, -64.91554 32.308496, -64.91554 32.309657, -64.914167 32.311398, -64.91348 32.312558, -64.912793 32.314299, -64.91142 32.31546, -64.908673 32.317201, -64.9073 32.317201, -64.90524 32.317201, -64.902494 32.317201, -64.897 32.317201, -64.895627 32.317201, -64.894941 32.316621, -64.894941 32.316621, -64.894254 32.318361))","[[""32.318361,-64.894254"",""32.31546,-64.891507"",""32.313139,-64.890821"",""32.311978,-64.890134"",""32.311398,-64.889447"",""32.309657,-64.888761"",""32.308496,-64.888074"",""32.307335,-64.887387"",""32.306175,-64.886701"",""32.305014,-64.886701"",""32.303853,-64.886701"",""32.302693,-64.886701"",""32.299791,-64.886014"",""32.298049,-64.886014"",""32.296308,-64.886014"",""32.294567,-64.886014"",""32.292826,-64.886014"",""32.291665,-64.886014"",""32.290504,-64.886014"",""32.288762,-64.886014"",""32.287601,-64.887387"",""32.28586,-64.888074"",""32.284699,-64.888761"",""32.283538,-64.889447"",""32.282377,-64.890821"",""32.281797,-64.891507"",""32.281797,-64.892194"",""32.281216,-64.892881"",""32.281216,-64.894254"",""32.281216,-64.895627"",""32.281216,-64.897"",""32.281797,-64.898374"",""32.282958,-64.900434"",""32.282958,-64.90112"",""32.283538,-64.902494"",""32.284119,-64.90318"",""32.284699,-64.903867"",""32.28586,-64.904554"",""32.286441,-64.904554"",""32.287601,-64.904554"",""32.289343,-64.90524"",""32.291084,-64.905927"",""32.292826,-64.906613"",""32.296308,-64.907987"",""32.297469,-64.908673"",""32.29921,-64.90936"",""32.300371,-64.91142"",""32.301532,-64.912793"",""32.303273,-64.914167"",""32.304434,-64.914853"",""32.305014,-64.91554"",""32.305014,-64.91554"",""32.306175,-64.91554"",""32.306175,-64.91554"",""32.307335,-64.91554"",""32.307335,-64.91554"",""32.308496,-64.91554"",""32.309657,-64.91554"",""32.311398,-64.914167"",""32.312558,-64.91348"",""32.314299,-64.912793"",""32.31546,-64.91142"",""32.317201,-64.908673"",""32.317201,-64.9073"",""32.317201,-64.90524"",""32.317201,-64.902494"",""32.317201,-64.897"",""32.317201,-64.895627"",""32.316621,-64.894941"",""32.316621,-64.894941"",""32.318361,-64.894254""]]",
22xxy8hjt9oc,429e4efu6uew,2020-09-18 05:24:36,2020-09-18 04:46:10,TRUE,en,0,"POLYGON ((-64.917318 32.38597, -64.917318 32.38597, -64.93788 32.373643, -64.963039 32.354848, -64.979221 32.340661, -64.984899 32.332992, -64.981514 32.321616, -64.970415 32.308945, -64.959735 32.301738, -64.940165 32.295762, -64.917023 32.291531, -64.894326 32.290583, -64.881411 32.293494, -64.868089 32.302799, -64.851985 32.319647, -64.835135 32.337103, -64.827679 32.345236, -64.824224 32.349816, -64.822636 32.356489, -64.823336 32.37039, -64.8281 32.386552, -64.831788 32.39212, -64.837297 32.394876, -64.845794 32.395505, -64.852173 32.395505, -64.857526 32.395505, -64.867016 32.395736, -64.874068 32.395736, -64.882774 32.396167, -64.888755 32.396366, -64.890979 32.39655, -64.890979 32.39655, -64.917318 32.38597))","[[""32.38597,-64.917318"",""32.38597,-64.917318"",""32.373643,-64.93788"",""32.354848,-64.963039"",""32.340661,-64.979221"",""32.332992,-64.984899"",""32.321616,-64.981514"",""32.308945,-64.970415"",""32.301738,-64.959735"",""32.295762,-64.940165"",""32.291531,-64.917023"",""32.290583,-64.894326"",""32.293494,-64.881411"",""32.302799,-64.868089"",""32.319647,-64.851985"",""32.337103,-64.835135"",""32.345236,-64.827679"",""32.349816,-64.824224"",""32.356489,-64.822636"",""32.37039,-64.823336"",""32.386552,-64.8281"",""32.39212,-64.831788"",""32.394876,-64.837297"",""32.395505,-64.845794"",""32.395505,-64.852173"",""32.395505,-64.857526"",""32.395736,-64.867016"",""32.395736,-64.874068"",""32.396167,-64.882774"",""32.396366,-64.888755"",""32.39655,-64.890979"",""32.39655,-64.890979"",""32.38597,-64.917318""]]",
4sfi8z2adl9s,429e4efu6uew,2020-09-18 18:50:46,2020-09-18 18:47:09,TRUE,en,0,"POLYGON ((-64.795752 32.397975, -64.808078 32.396706, -64.817955 32.384882, -64.817311 32.375125, -64.814047 32.368414, -64.810654 32.362537, -64.807176 32.358583, -64.801249 32.3551, -64.797255 32.352923, -64.793476 32.351399, -64.790642 32.350746, -64.785746 32.349439, -64.780549 32.348351, -64.775138 32.349113, -64.772604 32.350165, -64.769555 32.353322, -64.765905 32.35909, -64.762641 32.363154, -64.759463 32.369031, -64.759119 32.373638, -64.761181 32.378934, -64.76423 32.383685, -64.767537 32.389307, -64.771015 32.392898, -64.774752 32.394276, -64.780077 32.395038, -64.785918 32.395872, -64.789654 32.396815, -64.793734 32.397359, -64.796053 32.397286, -64.796053 32.397286, -64.795752 32.397975))","[[""32.397975,-64.795752"",""32.396706,-64.808078"",""32.384882,-64.817955"",""32.375125,-64.817311"",""32.368414,-64.814047"",""32.362537,-64.810654"",""32.358583,-64.807176"",""32.3551,-64.801249"",""32.352923,-64.797255"",""32.351399,-64.793476"",""32.350746,-64.790642"",""32.349439,-64.785746"",""32.348351,-64.780549"",""32.349113,-64.775138"",""32.350165,-64.772604"",""32.353322,-64.769555"",""32.35909,-64.765905"",""32.363154,-64.762641"",""32.369031,-64.759463"",""32.373638,-64.759119"",""32.378934,-64.761181"",""32.383685,-64.76423"",""32.389307,-64.767537"",""32.392898,-64.771015"",""32.394276,-64.774752"",""32.395038,-64.780077"",""32.395872,-64.785918"",""32.396815,-64.789654"",""32.397359,-64.793734"",""32.397286,-64.796053"",""32.397286,-64.796053"",""32.397975,-64.795752""]]",
4sfi8z2adl9s,429e4efu6uew,2020-09-18 18:50:46,2020-09-18 18:47:09,TRUE,en,1,"POLYGON ((-64.86307 32.327297, -64.863413 32.33314, -64.866162 32.351719, -64.871401 32.360391, -64.873677 32.363257, -64.876254 32.365107, -64.87926 32.366268, -64.884027 32.367646, -64.891457 32.367973, -64.899015 32.367175, -64.903739 32.365361, -64.910396 32.362422, -64.91585 32.359846, -64.920789 32.357198, -64.924697 32.354368, -64.926629 32.349977, -64.928176 32.344934, -64.932041 32.337059, -64.934789 32.332196, -64.93655 32.328059, -64.938998 32.324684, -64.942562 32.320836, -64.944753 32.316227, -64.946385 32.311254, -64.947845 32.306135, -64.945869 32.301597, -64.939771 32.295426, -64.937151 32.289108, -64.93655 32.285041, -64.934789 32.279522, -64.934016 32.276435, -64.932169 32.27146, -64.928863 32.268918, -64.926629 32.268119, -64.924224 32.268773, -64.920402 32.270516, -64.913875 32.275818, -64.909537 32.279958, -64.905715 32.283335, -64.90331 32.284969, -64.90069 32.286821, -64.898972 32.28929, -64.89777 32.291105, -64.895751 32.293719, -64.893948 32.296006, -64.892702 32.298294, -64.892702 32.298294, -64.893389 32.298475, -64.893991 32.297894, -64.86307 32.327297))","[[""32.327297,-64.86307"",""32.33314,-64.863413"",""32.351719,-64.866162"",""32.360391,-64.871401"",""32.363257,-64.873677"",""32.365107,-64.876254"",""32.366268,-64.87926"",""32.367646,-64.884027"",""32.367973,-64.891457"",""32.367175,-64.899015"",""32.365361,-64.903739"",""32.362422,-64.910396"",""32.359846,-64.91585"",""32.357198,-64.920789"",""32.354368,-64.924697"",""32.349977,-64.926629"",""32.344934,-64.928176"",""32.337059,-64.932041"",""32.332196,-64.934789"",""32.328059,-64.93655"",""32.324684,-64.938998"",""32.320836,-64.942562"",""32.316227,-64.944753"",""32.311254,-64.946385"",""32.306135,-64.947845"",""32.301597,-64.945869"",""32.295426,-64.939771"",""32.289108,-64.937151"",""32.285041,-64.93655"",""32.279522,-64.934789"",""32.276435,-64.934016"",""32.27146,-64.932169"",""32.268918,-64.928863"",""32.268119,-64.926629"",""32.268773,-64.924224"",""32.270516,-64.920402"",""32.275818,-64.913875"",""32.279958,-64.909537"",""32.283335,-64.905715"",""32.284969,-64.90331"",""32.286821,-64.90069"",""32.28929,-64.898972"",""32.291105,-64.89777"",""32.293719,-64.895751"",""32.296006,-64.893948"",""32.298294,-64.892702"",""32.298294,-64.892702"",""32.298475,-64.893389"",""32.297894,-64.893991"",""32.327297,-64.86307""]]",
4sfi8z2adl9s,429e4efu6uew,2020-09-18 18:50:46,2020-09-18 18:47:09,TRUE,en,2,"POLYGON ((-64.676775 32.392613, -64.676775 32.392613, -64.684892 32.401099, -64.693224 32.414153, -64.704347 32.434963, -64.707482 32.44446, -64.703316 32.451564, -64.69842 32.457979, -64.690303 32.466387, -64.676647 32.473888, -64.661615 32.475663, -64.653456 32.472909, -64.644351 32.463343, -64.635891 32.456058, -64.630866 32.450513, -64.628547 32.442032, -64.627431 32.432244, -64.625841 32.420535, -64.627602 32.413646, -64.634774 32.406285, -64.642505 32.400229, -64.650664 32.398162, -64.655603 32.397727, -64.663247 32.396639, -64.670763 32.39439, -64.674929 32.393157, -64.674929 32.393157, -64.676775 32.392613))","[[""32.392613,-64.676775"",""32.392613,-64.676775"",""32.401099,-64.684892"",""32.414153,-64.693224"",""32.434963,-64.704347"",""32.44446,-64.707482"",""32.451564,-64.703316"",""32.457979,-64.69842"",""32.466387,-64.690303"",""32.473888,-64.676647"",""32.475663,-64.661615"",""32.472909,-64.653456"",""32.463343,-64.644351"",""32.456058,-64.635891"",""32.450513,-64.630866"",""32.442032,-64.628547"",""32.432244,-64.627431"",""32.420535,-64.625841"",""32.413646,-64.627602"",""32.406285,-64.634774"",""32.400229,-64.642505"",""32.398162,-64.650664"",""32.397727,-64.655603"",""32.396639,-64.663247"",""32.39439,-64.670763"",""32.393157,-64.674929"",""32.393157,-64.674929"",""32.392613,-64.676775""]]",
82bfp32irj6z,429e4efu6uew,,2020-09-18 18:53:11,TRUE,en,0,"POLYGON ((-64.862962 32.322175, -64.820979 32.333779, -64.801361 32.326816, -64.800183 32.325159, -64.801361 32.301615, -64.837458 32.29266, -64.856292 32.303605, -64.856292 32.307916, -64.840597 32.29465, -64.830788 32.285694, -64.825687 32.282377, -64.82451 32.281714, -64.819017 32.281382, -64.812347 32.282377, -64.820194 32.283372, -64.843344 32.29266, -64.855507 32.306589, -64.850014 32.320848, -64.839028 32.325159, -64.829611 32.325159, -64.862962 32.322175))","[[""32.322175,-64.862962"",""32.333779,-64.820979"",""32.326816,-64.801361"",""32.325159,-64.800183"",""32.301615,-64.801361"",""32.29266,-64.837458"",""32.303605,-64.856292"",""32.307916,-64.856292"",""32.29465,-64.840597"",""32.285694,-64.830788"",""32.282377,-64.825687"",""32.281714,-64.82451"",""32.281382,-64.819017"",""32.282377,-64.812347"",""32.283372,-64.820194"",""32.29266,-64.843344"",""32.306589,-64.855507"",""32.320848,-64.850014"",""32.325159,-64.839028"",""32.325159,-64.829611"",""32.322175,-64.862962""]]",
4j7eu9btp7wi,429e4efu6uew,,2020-09-18 18:55:39,TRUE,en,0,"POLYGON ((-64.789386 32.34633, -64.774178 32.344653, -64.735192 32.345492, -64.73302 32.345492, -64.710087 32.345911, -64.697715 32.344339, -64.688421 32.344024, -64.686731 32.344024, -64.686731 32.344024, -64.686731 32.344024, -64.687757 32.343291, -64.691258 32.342976, -64.789386 32.34633))","[[""32.34633,-64.789386"",""32.344653,-64.774178"",""32.345492,-64.735192"",""32.345492,-64.73302"",""32.345911,-64.710087"",""32.344339,-64.697715"",""32.344024,-64.688421"",""32.344024,-64.686731"",""32.344024,-64.686731"",""32.344024,-64.686731"",""32.343291,-64.687757"",""32.342976,-64.691258"",""32.34633,-64.789386""]]",