Respondent ID,Publication ID,Submitted,First Active,Publication Consent,Language,Index,wkt,Where do you fish recreationally?,What type of fishing do you do here? Check all that apply.,Bait Fishing,Bottom Fishing,Lobster Diving,Spear Fishing,Trolling,Other,Please indicate the relative value of this area to you.
,,,,,,,,rec_fish_area,rec_fish_type,rec_fish_type: option Bait_Fishing,rec_fish_type: option Bottom_Fishing,rec_fish_type: option Lobster_Diving,rec_fish_type: option Spear_Fishing,rec_fish_type: option Trolling,rec_fish_type: option Other_Rec_Fishing,rec_fish_value
2bge6eee3ue4,322abf9mzz3w,2020-09-09 22:22:54,2020-09-09 22:17:42,FALSE,en,0,"POLYGON ((-64.653782 32.32104, -64.659026 32.318202, -64.676296 32.311264, -64.692524 32.303316, -64.703644 32.296077, -64.712836 32.28937, -64.722897 32.281173, -64.73185 32.271544, -64.737593 32.263248, -64.744653 32.254642, -64.748145 32.249928, -64.752257 32.24563, -64.756996 32.243039, -64.767282 32.236346, -64.776764 32.227239, -64.782158 32.215893, -64.779387 32.210538, -64.772515 32.206339, -64.759727 32.203328, -64.735404 32.203328, -64.714805 32.204875, -64.698248 32.210181, -64.685483 32.225138, -64.678689 32.234826, -64.670302 32.243953, -64.663425 32.254184, -64.6599 32.258491, -64.654412 32.267754, -64.650397 32.275483, -64.644963 32.281728, -64.637319 32.290347, -64.630288 32.30142, -64.628789 32.307764, -64.629867 32.31548, -64.633097 32.322752, -64.636447 32.326505, -64.638408 32.328497, -64.640001 32.329238, -64.640792 32.329506, -64.642026 32.329773, -64.642975 32.330041, -64.643767 32.330308, -64.645961 32.330814, -64.645961 32.330814, -64.646521 32.330442, -64.649139 32.326303, -64.653543 32.318536, -64.658133 32.314127, -64.658133 32.314127, -64.658133 32.314127, -64.653782 32.32104))","[[""32.32104,-64.653782"",""32.318202,-64.659026"",""32.311264,-64.676296"",""32.303316,-64.692524"",""32.296077,-64.703644"",""32.28937,-64.712836"",""32.281173,-64.722897"",""32.271544,-64.73185"",""32.263248,-64.737593"",""32.254642,-64.744653"",""32.249928,-64.748145"",""32.24563,-64.752257"",""32.243039,-64.756996"",""32.236346,-64.767282"",""32.227239,-64.776764"",""32.215893,-64.782158"",""32.210538,-64.779387"",""32.206339,-64.772515"",""32.203328,-64.759727"",""32.203328,-64.735404"",""32.204875,-64.714805"",""32.210181,-64.698248"",""32.225138,-64.685483"",""32.234826,-64.678689"",""32.243953,-64.670302"",""32.254184,-64.663425"",""32.258491,-64.6599"",""32.267754,-64.654412"",""32.275483,-64.650397"",""32.281728,-64.644963"",""32.290347,-64.637319"",""32.30142,-64.630288"",""32.307764,-64.628789"",""32.31548,-64.629867"",""32.322752,-64.633097"",""32.326505,-64.636447"",""32.328497,-64.638408"",""32.329238,-64.640001"",""32.329506,-64.640792"",""32.329773,-64.642026"",""32.330041,-64.642975"",""32.330308,-64.643767"",""32.330814,-64.645961"",""32.330814,-64.645961"",""32.330442,-64.646521"",""32.326303,-64.649139"",""32.318536,-64.653543"",""32.314127,-64.658133"",""32.314127,-64.658133"",""32.314127,-64.658133"",""32.32104,-64.653782""]]","[false,false,false,false,false,true]",FALSE,FALSE,FALSE,FALSE,FALSE,FALSE,
8jgd98j2xfn3,8br9m2rfp6ip,2020-09-11 17:53:10,2020-09-11 17:51:58,FALSE,en,0,"POLYGON ((-64.643367 32.40942, -64.64886 32.408261, -64.654353 32.407101, -64.661219 32.404203, -64.669459 32.400145, -64.676326 32.396086, -64.681132 32.392028, -64.685939 32.388549, -64.689372 32.38391, -64.692805 32.379271, -64.695552 32.375212, -64.698985 32.371152, -64.700358 32.367673, -64.702418 32.364193, -64.704478 32.360133, -64.706538 32.356073, -64.707911 32.352592, -64.709285 32.348532, -64.709971 32.344471, -64.710658 32.34041, -64.710658 32.336349, -64.710658 32.332288, -64.710658 32.328227, -64.710658 32.323585, -64.709285 32.319523, -64.707225 32.316041, -64.704478 32.311979, -64.701045 32.308497, -64.698298 32.305596, -64.694178 32.302694, -64.690745 32.300372, -64.687312 32.298051, -64.683192 32.296309, -64.679072 32.294568, -64.674266 32.292827, -64.669459 32.291085, -64.658473 32.289344, -64.645427 32.288764, -64.631694 32.288764, -64.624827 32.288764, -64.617961 32.288764, -64.610408 32.290505, -64.604228 32.292246, -64.598048 32.293988, -64.591868 32.296309, -64.587062 32.298631, -64.581569 32.301533, -64.577449 32.304435, -64.573329 32.307337, -64.569209 32.310819, -64.565776 32.315461, -64.560283 32.321264, -64.555476 32.328227, -64.551356 32.335189, -64.547236 32.341571, -64.543803 32.348532, -64.539683 32.361293, -64.53831 32.372892, -64.539683 32.38275, -64.54243 32.387389, -64.545863 32.392028, -64.549983 32.396666, -64.554103 32.400724, -64.558909 32.404203, -64.565089 32.408261, -64.570582 32.411159, -64.576075 32.413478, -64.582255 32.415797, -64.587748 32.416956, -64.593242 32.418115, -64.599421 32.418695, -64.604228 32.418695, -64.609721 32.418695, -64.616587 32.418695, -64.624141 32.417536, -64.633067 32.414637, -64.644053 32.411159, -64.65298 32.407101, -64.666713 32.400145, -64.670832 32.396086, -64.643367 32.40942))","[[""32.40942,-64.643367"",""32.408261,-64.64886"",""32.407101,-64.654353"",""32.404203,-64.661219"",""32.400145,-64.669459"",""32.396086,-64.676326"",""32.392028,-64.681132"",""32.388549,-64.685939"",""32.38391,-64.689372"",""32.379271,-64.692805"",""32.375212,-64.695552"",""32.371152,-64.698985"",""32.367673,-64.700358"",""32.364193,-64.702418"",""32.360133,-64.704478"",""32.356073,-64.706538"",""32.352592,-64.707911"",""32.348532,-64.709285"",""32.344471,-64.709971"",""32.34041,-64.710658"",""32.336349,-64.710658"",""32.332288,-64.710658"",""32.328227,-64.710658"",""32.323585,-64.710658"",""32.319523,-64.709285"",""32.316041,-64.707225"",""32.311979,-64.704478"",""32.308497,-64.701045"",""32.305596,-64.698298"",""32.302694,-64.694178"",""32.300372,-64.690745"",""32.298051,-64.687312"",""32.296309,-64.683192"",""32.294568,-64.679072"",""32.292827,-64.674266"",""32.291085,-64.669459"",""32.289344,-64.658473"",""32.288764,-64.645427"",""32.288764,-64.631694"",""32.288764,-64.624827"",""32.288764,-64.617961"",""32.290505,-64.610408"",""32.292246,-64.604228"",""32.293988,-64.598048"",""32.296309,-64.591868"",""32.298631,-64.587062"",""32.301533,-64.581569"",""32.304435,-64.577449"",""32.307337,-64.573329"",""32.310819,-64.569209"",""32.315461,-64.565776"",""32.321264,-64.560283"",""32.328227,-64.555476"",""32.335189,-64.551356"",""32.341571,-64.547236"",""32.348532,-64.543803"",""32.361293,-64.539683"",""32.372892,-64.53831"",""32.38275,-64.539683"",""32.387389,-64.54243"",""32.392028,-64.545863"",""32.396666,-64.549983"",""32.400724,-64.554103"",""32.404203,-64.558909"",""32.408261,-64.565089"",""32.411159,-64.570582"",""32.413478,-64.576075"",""32.415797,-64.582255"",""32.416956,-64.587748"",""32.418115,-64.593242"",""32.418695,-64.599421"",""32.418695,-64.604228"",""32.418695,-64.609721"",""32.418695,-64.616587"",""32.417536,-64.624141"",""32.414637,-64.633067"",""32.411159,-64.644053"",""32.407101,-64.65298"",""32.400145,-64.666713"",""32.396086,-64.670832"",""32.40942,-64.643367""]]","[true,true,false,false,false,false]",TRUE,TRUE,FALSE,FALSE,FALSE,FALSE,
2sal6nru3xwp,8br9m2rfp6ip,2020-09-11 19:04:38,2020-09-11 19:02:30,TRUE,en,0,"POLYGON ((-64.724309 32.430865, -64.733236 32.432604, -64.737355 32.432604, -64.741475 32.432604, -64.745595 32.432604, -64.750402 32.432604, -64.758641 32.430286, -64.768254 32.426229, -64.777181 32.422172, -64.785421 32.418694, -64.792974 32.415216, -64.799153 32.412318, -64.804647 32.409419, -64.80808 32.405941, -64.811513 32.401883, -64.81426 32.397825, -64.81632 32.394346, -64.819066 32.390287, -64.821126 32.385649, -64.822499 32.38101, -64.824559 32.376371, -64.825933 32.371151, -64.827306 32.365352, -64.828679 32.360132, -64.830053 32.354331, -64.830739 32.349111, -64.831426 32.34447, -64.831426 32.340409, -64.831426 32.336348, -64.828679 32.333447, -64.825246 32.330546, -64.821126 32.328226, -64.815633 32.325905, -64.809453 32.324164, -64.802587 32.322423, -64.79572 32.321263, -64.788854 32.320683, -64.782674 32.320683, -64.775121 32.320683, -64.767568 32.321263, -64.757268 32.324744, -64.731099 32.283646, -64.737355 32.333447, -64.727056 32.337509, -64.716069 32.34273, -64.70577 32.348531, -64.696843 32.353751, -64.688604 32.359552, -64.682424 32.365352, -64.677617 32.371731, -64.674184 32.37869, -64.672124 32.385069, -64.672124 32.393186, -64.672124 32.400144, -64.672124 32.406521, -64.673497 32.412897, -64.676931 32.417535, -64.68105 32.422172, -64.686544 32.425649, -64.692037 32.428547, -64.69753 32.429706, -64.70371 32.429706, -64.70989 32.429706, -64.714696 32.429706, -64.718816 32.429706, -64.722936 32.427967, -64.726369 32.426229, -64.729116 32.42449, -64.730489 32.423331, -64.730489 32.422172, -64.724309 32.430865))","[[""32.430865,-64.724309"",""32.432604,-64.733236"",""32.432604,-64.737355"",""32.432604,-64.741475"",""32.432604,-64.745595"",""32.432604,-64.750402"",""32.430286,-64.758641"",""32.426229,-64.768254"",""32.422172,-64.777181"",""32.418694,-64.785421"",""32.415216,-64.792974"",""32.412318,-64.799153"",""32.409419,-64.804647"",""32.405941,-64.80808"",""32.401883,-64.811513"",""32.397825,-64.81426"",""32.394346,-64.81632"",""32.390287,-64.819066"",""32.385649,-64.821126"",""32.38101,-64.822499"",""32.376371,-64.824559"",""32.371151,-64.825933"",""32.365352,-64.827306"",""32.360132,-64.828679"",""32.354331,-64.830053"",""32.349111,-64.830739"",""32.34447,-64.831426"",""32.340409,-64.831426"",""32.336348,-64.831426"",""32.333447,-64.828679"",""32.330546,-64.825246"",""32.328226,-64.821126"",""32.325905,-64.815633"",""32.324164,-64.809453"",""32.322423,-64.802587"",""32.321263,-64.79572"",""32.320683,-64.788854"",""32.320683,-64.782674"",""32.320683,-64.775121"",""32.321263,-64.767568"",""32.324744,-64.757268"",""32.283646,-64.731099"",""32.333447,-64.737355"",""32.337509,-64.727056"",""32.34273,-64.716069"",""32.348531,-64.70577"",""32.353751,-64.696843"",""32.359552,-64.688604"",""32.365352,-64.682424"",""32.371731,-64.677617"",""32.37869,-64.674184"",""32.385069,-64.672124"",""32.393186,-64.672124"",""32.400144,-64.672124"",""32.406521,-64.672124"",""32.412897,-64.673497"",""32.417535,-64.676931"",""32.422172,-64.68105"",""32.425649,-64.686544"",""32.428547,-64.692037"",""32.429706,-64.69753"",""32.429706,-64.70371"",""32.429706,-64.70989"",""32.429706,-64.714696"",""32.429706,-64.718816"",""32.427967,-64.722936"",""32.426229,-64.726369"",""32.42449,-64.729116"",""32.423331,-64.730489"",""32.422172,-64.730489"",""32.430865,-64.724309""]]","[false,true,false,false,false,false]",FALSE,TRUE,FALSE,FALSE,FALSE,FALSE,
2sal6nru3xwp,8br9m2rfp6ip,2020-09-11 19:04:38,2020-09-11 19:02:30,TRUE,en,1,"POLYGON ((-64.832112 32.245217, -64.835546 32.249282, -64.836919 32.252186, -64.838292 32.254508, -64.841725 32.261476, -64.845159 32.269605, -64.848592 32.276572, -64.850652 32.282958, -64.852712 32.288182, -64.854085 32.292826, -64.855458 32.296889, -64.857518 32.300371, -64.859578 32.303853, -64.861638 32.306175, -64.864385 32.307335, -64.866445 32.307916, -64.867818 32.307916, -64.869878 32.307916, -64.869878 32.307916, -64.871938 32.307916, -64.873311 32.306755, -64.876058 32.305594, -64.878804 32.304434, -64.882238 32.302693, -64.887044 32.300371, -64.892537 32.298049, -64.898717 32.295728, -64.905584 32.292245, -64.911763 32.289343, -64.917256 32.287021, -64.922063 32.28528, -64.925496 32.284119, -64.927556 32.282958, -64.927556 32.282958, -64.928929 32.282377, -64.928929 32.282377, -64.928929 32.282377, -64.928929 32.281216, -64.927556 32.279474, -64.926183 32.275411, -64.92481 32.269024, -64.922063 32.260315, -64.919316 32.251605, -64.917256 32.242313, -64.91451 32.234182, -64.911763 32.22605, -64.909703 32.21908, -64.907643 32.21327, -64.905584 32.209204, -64.903524 32.207461, -64.901464 32.20688, -64.90009 32.20688, -64.89803 32.20688, -64.89597 32.20688, -64.893224 32.20688, -64.890477 32.20688, -64.886357 32.207461, -64.881551 32.209204, -64.875371 32.211527, -64.867818 32.213851, -64.860952 32.216175, -64.854772 32.217918, -64.849279 32.219661, -64.845159 32.220822, -64.843099 32.221403, -64.842412 32.221984, -64.842412 32.221984, -64.841039 32.222565, -64.840352 32.223146, -64.839666 32.223727, -64.838292 32.224889, -64.836919 32.22605, -64.835546 32.227793, -64.834172 32.229535, -64.833486 32.231278, -64.832799 32.233601, -64.831426 32.235344, -64.830739 32.237667, -64.830739 32.239409, -64.830053 32.240571, -64.830053 32.241732, -64.830053 32.242313, -64.830053 32.242894, -64.832112 32.245217))","[[""32.245217,-64.832112"",""32.249282,-64.835546"",""32.252186,-64.836919"",""32.254508,-64.838292"",""32.261476,-64.841725"",""32.269605,-64.845159"",""32.276572,-64.848592"",""32.282958,-64.850652"",""32.288182,-64.852712"",""32.292826,-64.854085"",""32.296889,-64.855458"",""32.300371,-64.857518"",""32.303853,-64.859578"",""32.306175,-64.861638"",""32.307335,-64.864385"",""32.307916,-64.866445"",""32.307916,-64.867818"",""32.307916,-64.869878"",""32.307916,-64.869878"",""32.307916,-64.871938"",""32.306755,-64.873311"",""32.305594,-64.876058"",""32.304434,-64.878804"",""32.302693,-64.882238"",""32.300371,-64.887044"",""32.298049,-64.892537"",""32.295728,-64.898717"",""32.292245,-64.905584"",""32.289343,-64.911763"",""32.287021,-64.917256"",""32.28528,-64.922063"",""32.284119,-64.925496"",""32.282958,-64.927556"",""32.282958,-64.927556"",""32.282377,-64.928929"",""32.282377,-64.928929"",""32.282377,-64.928929"",""32.281216,-64.928929"",""32.279474,-64.927556"",""32.275411,-64.926183"",""32.269024,-64.92481"",""32.260315,-64.922063"",""32.251605,-64.919316"",""32.242313,-64.917256"",""32.234182,-64.91451"",""32.22605,-64.911763"",""32.21908,-64.909703"",""32.21327,-64.907643"",""32.209204,-64.905584"",""32.207461,-64.903524"",""32.20688,-64.901464"",""32.20688,-64.90009"",""32.20688,-64.89803"",""32.20688,-64.89597"",""32.20688,-64.893224"",""32.20688,-64.890477"",""32.207461,-64.886357"",""32.209204,-64.881551"",""32.211527,-64.875371"",""32.213851,-64.867818"",""32.216175,-64.860952"",""32.217918,-64.854772"",""32.219661,-64.849279"",""32.220822,-64.845159"",""32.221403,-64.843099"",""32.221984,-64.842412"",""32.221984,-64.842412"",""32.222565,-64.841039"",""32.223146,-64.840352"",""32.223727,-64.839666"",""32.224889,-64.838292"",""32.22605,-64.836919"",""32.227793,-64.835546"",""32.229535,-64.834172"",""32.231278,-64.833486"",""32.233601,-64.832799"",""32.235344,-64.831426"",""32.237667,-64.830739"",""32.239409,-64.830739"",""32.240571,-64.830053"",""32.241732,-64.830053"",""32.242313,-64.830053"",""32.242894,-64.830053"",""32.245217,-64.832112""]]","[false,false,false,false,false,true]",FALSE,FALSE,FALSE,FALSE,FALSE,TRUE,
2sal6nru3xwp,8br9m2rfp6ip,2020-09-11 19:04:38,2020-09-11 19:02:30,TRUE,en,2,"POLYGON ((-64.580037 32.367199, -64.586217 32.366039, -64.588964 32.365459, -64.593084 32.363139, -64.599263 32.357919, -64.608876 32.350378, -64.619176 32.342257, -64.628789 32.334715, -64.639089 32.328333, -64.649388 32.32195, -64.659001 32.316148, -64.668615 32.311505, -64.676854 32.306863, -64.683034 32.3028, -64.687841 32.299318, -64.690587 32.297577, -64.692647 32.295835, -64.693334 32.294674, -64.693334 32.294094, -64.693334 32.293514, -64.693334 32.292353, -64.693334 32.291192, -64.69196 32.290031, -64.689214 32.28887, -64.686467 32.287129, -64.682347 32.284226, -64.678914 32.281904, -64.675481 32.279001, -64.671361 32.276099, -64.666555 32.274357, -64.661748 32.273777, -64.655568 32.273777, -64.646642 32.276679, -64.637029 32.281904, -64.626043 32.287129, -64.615743 32.291772, -64.60613 32.296416, -64.59789 32.299898, -64.591024 32.301639, -64.58759 32.3028, -64.586217 32.3028, -64.586217 32.3028, -64.584157 32.3028, -64.581411 32.3028, -64.576604 32.3028, -64.571798 32.3028, -64.567678 32.30338, -64.564244 32.303961, -64.560811 32.305122, -64.558065 32.306282, -64.555318 32.307443, -64.554631 32.309184, -64.553258 32.310925, -64.552571 32.312666, -64.552571 32.314407, -64.551885 32.316148, -64.551885 32.317889, -64.551885 32.319629, -64.551885 32.32195, -64.553258 32.324852, -64.553945 32.327173, -64.555318 32.329493, -64.555318 32.331814, -64.556005 32.334135, -64.557378 32.336456, -64.558065 32.338776, -64.559438 32.341677, -64.560811 32.344578, -64.561498 32.346898, -64.562871 32.349218, -64.564244 32.351539, -64.565618 32.353279, -64.566991 32.355019, -64.568364 32.356759, -64.569738 32.358499, -64.570424 32.359659, -64.571111 32.360819, -64.571798 32.362559, -64.572484 32.363719, -64.573171 32.365459, -64.573857 32.366619, -64.575231 32.367779, -64.575917 32.369519, -64.577291 32.370099, -64.577291 32.370099, -64.580037 32.367199))","[[""32.367199,-64.580037"",""32.366039,-64.586217"",""32.365459,-64.588964"",""32.363139,-64.593084"",""32.357919,-64.599263"",""32.350378,-64.608876"",""32.342257,-64.619176"",""32.334715,-64.628789"",""32.328333,-64.639089"",""32.32195,-64.649388"",""32.316148,-64.659001"",""32.311505,-64.668615"",""32.306863,-64.676854"",""32.3028,-64.683034"",""32.299318,-64.687841"",""32.297577,-64.690587"",""32.295835,-64.692647"",""32.294674,-64.693334"",""32.294094,-64.693334"",""32.293514,-64.693334"",""32.292353,-64.693334"",""32.291192,-64.693334"",""32.290031,-64.69196"",""32.28887,-64.689214"",""32.287129,-64.686467"",""32.284226,-64.682347"",""32.281904,-64.678914"",""32.279001,-64.675481"",""32.276099,-64.671361"",""32.274357,-64.666555"",""32.273777,-64.661748"",""32.273777,-64.655568"",""32.276679,-64.646642"",""32.281904,-64.637029"",""32.287129,-64.626043"",""32.291772,-64.615743"",""32.296416,-64.60613"",""32.299898,-64.59789"",""32.301639,-64.591024"",""32.3028,-64.58759"",""32.3028,-64.586217"",""32.3028,-64.586217"",""32.3028,-64.584157"",""32.3028,-64.581411"",""32.3028,-64.576604"",""32.3028,-64.571798"",""32.30338,-64.567678"",""32.303961,-64.564244"",""32.305122,-64.560811"",""32.306282,-64.558065"",""32.307443,-64.555318"",""32.309184,-64.554631"",""32.310925,-64.553258"",""32.312666,-64.552571"",""32.314407,-64.552571"",""32.316148,-64.551885"",""32.317889,-64.551885"",""32.319629,-64.551885"",""32.32195,-64.551885"",""32.324852,-64.553258"",""32.327173,-64.553945"",""32.329493,-64.555318"",""32.331814,-64.555318"",""32.334135,-64.556005"",""32.336456,-64.557378"",""32.338776,-64.558065"",""32.341677,-64.559438"",""32.344578,-64.560811"",""32.346898,-64.561498"",""32.349218,-64.562871"",""32.351539,-64.564244"",""32.353279,-64.565618"",""32.355019,-64.566991"",""32.356759,-64.568364"",""32.358499,-64.569738"",""32.359659,-64.570424"",""32.360819,-64.571111"",""32.362559,-64.571798"",""32.363719,-64.572484"",""32.365459,-64.573171"",""32.366619,-64.573857"",""32.367779,-64.575231"",""32.369519,-64.575917"",""32.370099,-64.577291"",""32.370099,-64.577291"",""32.367199,-64.580037""]]",,FALSE,FALSE,FALSE,FALSE,FALSE,FALSE,
2sal6nru3xwp,8br9m2rfp6ip,2020-09-11 19:04:38,2020-09-11 19:02:30,TRUE,en,3,"POLYGON ((-64.630162 32.160496, -64.636342 32.159915, -64.643895 32.159915, -64.650762 32.156427, -64.658315 32.151776, -64.665868 32.145963, -64.669988 32.142474, -64.678228 32.135497, -64.685781 32.127938, -64.694707 32.121542, -64.70226 32.115726, -64.707753 32.111655, -64.711873 32.109329, -64.713933 32.107584, -64.71462 32.105839, -64.71462 32.102931, -64.71462 32.100604, -64.713933 32.098277, -64.7105 32.096532, -64.70638 32.095369, -64.700887 32.094205, -64.69402 32.093624, -64.685781 32.093042, -64.676854 32.091878, -64.667241 32.090133, -64.658315 32.088388, -64.650075 32.087225, -64.643209 32.085479, -64.637715 32.083734, -64.632909 32.081989, -64.628102 32.080243, -64.625356 32.07908, -64.622609 32.078498, -64.620549 32.077916, -64.618489 32.077916, -64.616429 32.077916, -64.61437 32.07908, -64.612996 32.080825, -64.610936 32.083734, -64.609563 32.086643, -64.607503 32.089552, -64.605443 32.09246, -64.60407 32.094787, -64.602697 32.096532, -64.600637 32.098277, -64.599263 32.099441, -64.59789 32.100604, -64.596517 32.101767, -64.59583 32.103512, -64.595143 32.107002, -64.595143 32.111073, -64.595143 32.117471, -64.595143 32.125612, -64.597203 32.13259, -64.600637 32.140149, -64.605443 32.145963, -64.611623 32.150614, -64.617116 32.15352, -64.622609 32.156427, -64.626729 32.15759, -64.630849 32.158171, -64.634282 32.158752, -64.636342 32.159334, -64.638402 32.159334, -64.638402 32.159334, -64.630162 32.160496))","[[""32.160496,-64.630162"",""32.159915,-64.636342"",""32.159915,-64.643895"",""32.156427,-64.650762"",""32.151776,-64.658315"",""32.145963,-64.665868"",""32.142474,-64.669988"",""32.135497,-64.678228"",""32.127938,-64.685781"",""32.121542,-64.694707"",""32.115726,-64.70226"",""32.111655,-64.707753"",""32.109329,-64.711873"",""32.107584,-64.713933"",""32.105839,-64.71462"",""32.102931,-64.71462"",""32.100604,-64.71462"",""32.098277,-64.713933"",""32.096532,-64.7105"",""32.095369,-64.70638"",""32.094205,-64.700887"",""32.093624,-64.69402"",""32.093042,-64.685781"",""32.091878,-64.676854"",""32.090133,-64.667241"",""32.088388,-64.658315"",""32.087225,-64.650075"",""32.085479,-64.643209"",""32.083734,-64.637715"",""32.081989,-64.632909"",""32.080243,-64.628102"",""32.07908,-64.625356"",""32.078498,-64.622609"",""32.077916,-64.620549"",""32.077916,-64.618489"",""32.077916,-64.616429"",""32.07908,-64.61437"",""32.080825,-64.612996"",""32.083734,-64.610936"",""32.086643,-64.609563"",""32.089552,-64.607503"",""32.09246,-64.605443"",""32.094787,-64.60407"",""32.096532,-64.602697"",""32.098277,-64.600637"",""32.099441,-64.599263"",""32.100604,-64.59789"",""32.101767,-64.596517"",""32.103512,-64.59583"",""32.107002,-64.595143"",""32.111073,-64.595143"",""32.117471,-64.595143"",""32.125612,-64.595143"",""32.13259,-64.597203"",""32.140149,-64.600637"",""32.145963,-64.605443"",""32.150614,-64.611623"",""32.15352,-64.617116"",""32.156427,-64.622609"",""32.15759,-64.626729"",""32.158171,-64.630849"",""32.158752,-64.634282"",""32.159334,-64.636342"",""32.159334,-64.638402"",""32.159334,-64.638402"",""32.160496,-64.630162""]]","[false,true,false,false,false,false]",FALSE,TRUE,FALSE,FALSE,FALSE,FALSE,
82rdv79igp8d,2byc8yyk8des,,2020-09-17 10:24:00,TRUE,en,0,"POLYGON ((-64.778554 32.334028, -64.786107 32.339249, -64.786107 32.339249, -64.788854 32.339249, -64.792974 32.337509, -64.795034 32.335188, -64.797094 32.333447, -64.801213 32.327645, -64.801213 32.326485, -64.801213 32.324744, -64.796407 32.320683, -64.796407 32.320683, -64.79366 32.320102, -64.78954 32.318361, -64.785421 32.317201, -64.780614 32.316621, -64.778554 32.316621, -64.776494 32.316621, -64.773748 32.317201, -64.768941 32.321263, -64.768941 32.321263, -64.767568 32.322423, -64.766881 32.323584, -64.766194 32.324744, -64.764135 32.328806, -64.764135 32.328806, -64.764135 32.329966, -64.764135 32.329966, -64.764135 32.330546, -64.764135 32.330546, -64.764821 32.332867, -64.764821 32.332867, -64.766881 32.333447, -64.769628 32.334028, -64.771688 32.334608, -64.771688 32.334608, -64.774434 32.336348, -64.774434 32.336348, -64.774434 32.336348, -64.774434 32.336348, -64.778554 32.334028))","[[""32.334028,-64.778554"",""32.339249,-64.786107"",""32.339249,-64.786107"",""32.339249,-64.788854"",""32.337509,-64.792974"",""32.335188,-64.795034"",""32.333447,-64.797094"",""32.327645,-64.801213"",""32.326485,-64.801213"",""32.324744,-64.801213"",""32.320683,-64.796407"",""32.320683,-64.796407"",""32.320102,-64.79366"",""32.318361,-64.78954"",""32.317201,-64.785421"",""32.316621,-64.780614"",""32.316621,-64.778554"",""32.316621,-64.776494"",""32.317201,-64.773748"",""32.321263,-64.768941"",""32.321263,-64.768941"",""32.322423,-64.767568"",""32.323584,-64.766881"",""32.324744,-64.766194"",""32.328806,-64.764135"",""32.328806,-64.764135"",""32.329966,-64.764135"",""32.329966,-64.764135"",""32.330546,-64.764135"",""32.330546,-64.764135"",""32.332867,-64.764821"",""32.332867,-64.764821"",""32.333447,-64.766881"",""32.334028,-64.769628"",""32.334608,-64.771688"",""32.334608,-64.771688"",""32.336348,-64.774434"",""32.336348,-64.774434"",""32.336348,-64.774434"",""32.336348,-64.774434"",""32.334028,-64.778554""]]","[false,false,true,false,false,false]",FALSE,FALSE,TRUE,FALSE,FALSE,FALSE,
3jli3fr36si4,2byc8yyk8des,,2020-09-17 10:23:16,TRUE,en,0,"POLYGON ((-64.972258 32.279084, -64.974586 32.288368, -64.986922 32.335347, -65.003774 32.37753, -65.010589 32.392831, -65.014725 32.399559, -65.018413 32.405092, -65.020615 32.406138, -65.022195 32.405146, -65.022195 32.403493, -65.020825 32.401856, -65.018446 32.399978, -65.004109 32.38778, -64.979312 32.363619, -64.960858 32.347754, -64.940948 32.332276, -64.924515 32.318389, -64.915572 32.308068, -64.909221 32.299052, -64.907759 32.296875, -64.907563 32.296245, -64.907563 32.296245, -64.910613 32.296245, -64.91334 32.296245, -64.918431 32.294819, -64.930474 32.291155, -64.949287 32.284636, -64.961996 32.28249, -64.968406 32.281819, -64.971311 32.281323, -64.97203 32.281023, -64.97203 32.281023, -64.973068 32.280726, -64.972258 32.279084))","[[""32.279084,-64.972258"",""32.288368,-64.974586"",""32.335347,-64.986922"",""32.37753,-65.003774"",""32.392831,-65.010589"",""32.399559,-65.014725"",""32.405092,-65.018413"",""32.406138,-65.020615"",""32.405146,-65.022195"",""32.403493,-65.022195"",""32.401856,-65.020825"",""32.399978,-65.018446"",""32.38778,-65.004109"",""32.363619,-64.979312"",""32.347754,-64.960858"",""32.332276,-64.940948"",""32.318389,-64.924515"",""32.308068,-64.915572"",""32.299052,-64.909221"",""32.296875,-64.907759"",""32.296245,-64.907563"",""32.296245,-64.907563"",""32.296245,-64.910613"",""32.296245,-64.91334"",""32.294819,-64.918431"",""32.291155,-64.930474"",""32.284636,-64.949287"",""32.28249,-64.961996"",""32.281819,-64.968406"",""32.281323,-64.971311"",""32.281023,-64.97203"",""32.281023,-64.97203"",""32.280726,-64.973068"",""32.279084,-64.972258""]]","[true,true,false,false,false,false]",TRUE,TRUE,FALSE,FALSE,FALSE,FALSE,
3jfs7fvu7zdx,2byc8yyk8des,2020-09-17 15:51:15,2020-09-17 15:47:43,TRUE,en,0,"POLYGON ((-64.764088 32.352986, -64.764968 32.355588, -64.765188 32.355959, -64.765628 32.356331, -64.766068 32.356703, -64.766728 32.35726, -64.767388 32.357818, -64.768048 32.358375, -64.768708 32.358933, -64.769588 32.35949, -64.770467 32.359862, -64.771567 32.360233, -64.772667 32.360605, -64.774207 32.360791, -64.775747 32.361162, -64.777287 32.361162, -64.778826 32.361162, -64.780806 32.361162, -64.784106 32.361162, -64.786745 32.360419, -64.790925 32.358747, -64.794004 32.357632, -64.797304 32.355959, -64.799943 32.354659, -64.801923 32.353544, -64.803023 32.352429, -64.803903 32.351314, -64.804783 32.350013, -64.805662 32.348712, -64.806322 32.347412, -64.807202 32.346111, -64.807862 32.344624, -64.808522 32.343323, -64.809182 32.341836, -64.809622 32.34035, -64.809842 32.338863, -64.810062 32.337376, -64.810282 32.335889, -64.810282 32.334216, -64.810282 32.332544, -64.810282 32.331057, -64.810282 32.329384, -64.810282 32.327897, -64.810282 32.32641, -64.809842 32.324737, -64.809182 32.32325, -64.808522 32.321949, -64.807642 32.320833, -64.806762 32.319904, -64.805662 32.31916, -64.804783 32.318603, -64.803903 32.317859, -64.802803 32.317301, -64.801703 32.316744, -64.800383 32.316186, -64.798843 32.315628, -64.797304 32.314885, -64.795544 32.314327, -64.793784 32.314141, -64.791584 32.313769, -64.789605 32.313583, -64.787185 32.313583, -64.784985 32.313583, -64.782786 32.313583, -64.780806 32.313769, -64.778606 32.314327, -64.776627 32.314885, -64.774647 32.315628, -64.772887 32.316558, -64.771347 32.317487, -64.769808 32.318417, -64.768488 32.319346, -64.767388 32.320462, -64.766288 32.321577, -64.764968 32.322878, -64.763868 32.324179, -64.762769 32.325295, -64.761669 32.326782, -64.760789 32.328455, -64.759689 32.329756, -64.758809 32.331428, -64.757709 32.333287, -64.756829 32.335332, -64.75595 32.337748, -64.75507 32.339978, -64.75463 32.342208, -64.75441 32.344252, -64.75441 32.345553, -64.75441 32.346482, -64.75485 32.347412, -64.75529 32.348155, -64.75573 32.348898, -64.75595 32.349827, -64.756389 32.350571, -64.756829 32.351314, -64.757269 32.352057, -64.757929 32.352615, -64.758369 32.353172, -64.759029 32.353544, -64.759689 32.35373, -64.760129 32.35373, -64.760569 32.35373, -64.761009 32.35373, -64.761449 32.35373, -64.761449 32.35373, -64.761889 32.35373, -64.764088 32.352986))","[[""32.352986,-64.764088"",""32.355588,-64.764968"",""32.355959,-64.765188"",""32.356331,-64.765628"",""32.356703,-64.766068"",""32.35726,-64.766728"",""32.357818,-64.767388"",""32.358375,-64.768048"",""32.358933,-64.768708"",""32.35949,-64.769588"",""32.359862,-64.770467"",""32.360233,-64.771567"",""32.360605,-64.772667"",""32.360791,-64.774207"",""32.361162,-64.775747"",""32.361162,-64.777287"",""32.361162,-64.778826"",""32.361162,-64.780806"",""32.361162,-64.784106"",""32.360419,-64.786745"",""32.358747,-64.790925"",""32.357632,-64.794004"",""32.355959,-64.797304"",""32.354659,-64.799943"",""32.353544,-64.801923"",""32.352429,-64.803023"",""32.351314,-64.803903"",""32.350013,-64.804783"",""32.348712,-64.805662"",""32.347412,-64.806322"",""32.346111,-64.807202"",""32.344624,-64.807862"",""32.343323,-64.808522"",""32.341836,-64.809182"",""32.34035,-64.809622"",""32.338863,-64.809842"",""32.337376,-64.810062"",""32.335889,-64.810282"",""32.334216,-64.810282"",""32.332544,-64.810282"",""32.331057,-64.810282"",""32.329384,-64.810282"",""32.327897,-64.810282"",""32.32641,-64.810282"",""32.324737,-64.809842"",""32.32325,-64.809182"",""32.321949,-64.808522"",""32.320833,-64.807642"",""32.319904,-64.806762"",""32.31916,-64.805662"",""32.318603,-64.804783"",""32.317859,-64.803903"",""32.317301,-64.802803"",""32.316744,-64.801703"",""32.316186,-64.800383"",""32.315628,-64.798843"",""32.314885,-64.797304"",""32.314327,-64.795544"",""32.314141,-64.793784"",""32.313769,-64.791584"",""32.313583,-64.789605"",""32.313583,-64.787185"",""32.313583,-64.784985"",""32.313583,-64.782786"",""32.313769,-64.780806"",""32.314327,-64.778606"",""32.314885,-64.776627"",""32.315628,-64.774647"",""32.316558,-64.772887"",""32.317487,-64.771347"",""32.318417,-64.769808"",""32.319346,-64.768488"",""32.320462,-64.767388"",""32.321577,-64.766288"",""32.322878,-64.764968"",""32.324179,-64.763868"",""32.325295,-64.762769"",""32.326782,-64.761669"",""32.328455,-64.760789"",""32.329756,-64.759689"",""32.331428,-64.758809"",""32.333287,-64.757709"",""32.335332,-64.756829"",""32.337748,-64.75595"",""32.339978,-64.75507"",""32.342208,-64.75463"",""32.344252,-64.75441"",""32.345553,-64.75441"",""32.346482,-64.75441"",""32.347412,-64.75485"",""32.348155,-64.75529"",""32.348898,-64.75573"",""32.349827,-64.75595"",""32.350571,-64.756389"",""32.351314,-64.756829"",""32.352057,-64.757269"",""32.352615,-64.757929"",""32.353172,-64.758369"",""32.353544,-64.759029"",""32.35373,-64.759689"",""32.35373,-64.760129"",""32.35373,-64.760569"",""32.35373,-64.761009"",""32.35373,-64.761449"",""32.35373,-64.761449"",""32.35373,-64.761889"",""32.352986,-64.764088""]]","[true,true,false,false,false,false]",TRUE,TRUE,FALSE,FALSE,FALSE,FALSE,